transition,t0,t1,mmd,moment_error,sliced_wasserstein,mi_mean,mi_median,model,seed,ablation,prediction_finite_fraction,prediction_out_of_bounds_fraction,numerically_stable,prediction_diagnostics_origin,prediction_min,prediction_max
0_to_0.25,0.0,0.25,0.0646185576915741,0.0161763187497854,0.0153888911008834,0.2533249258995056,0.2466295510530471,cardiogb,20260825,full,1.0,0.0,True,guaranteed_by_projected_integrator,,
0.25_to_0.5,0.25,0.5,0.0321142971515655,0.0090364497154951,0.0093022976070642,0.4016417264938354,0.3982329070568084,cardiogb,20260825,full,1.0,0.0,True,guaranteed_by_projected_integrator,,
0.5_to_1,0.5,1.0,0.0155237615108489,0.0042250300757586,0.0048431013710796,0.4614935517311096,0.4567015767097473,cardiogb,20260825,full,1.0,0.0,True,guaranteed_by_projected_integrator,,
1_to_3,1.0,3.0,0.0419936776161193,0.0112137645483016,0.0130540877580642,0.4148288071155548,0.4023963510990143,cardiogb,20260825,full,1.0,0.0,True,guaranteed_by_projected_integrator,,
3_to_7,3.0,7.0,0.0788807570934295,0.0222890209406614,0.0194557178765535,0.5182176828384399,0.5078749060630798,cardiogb,20260825,full,1.0,0.0,True,guaranteed_by_projected_integrator,,
7_to_14,7.0,14.0,0.1296310126781463,0.0339838452637195,0.0377213582396507,0.5828680992126465,0.5811389088630676,cardiogb,20260825,full,1.0,0.0,True,guaranteed_by_projected_integrator,,
14_to_28,14.0,28.0,0.0309430062770843,0.0031168558634817,0.0103465477004647,0.5092487335205078,0.4997395873069763,cardiogb,20260825,full,1.0,0.0,True,guaranteed_by_projected_integrator,,
0_to_0.25,0.0,0.25,0.1194024682044982,0.0324410125613212,0.0343424752354621,0.2708745002746582,0.2636153399944305,cardiogb,20260826,full,1.0,0.0,True,guaranteed_by_projected_integrator,,
0.25_to_0.5,0.25,0.5,0.048665165901184,0.0149492211639881,0.0153380632400512,0.4331578314304352,0.4313656091690063,cardiogb,20260826,full,1.0,0.0,True,guaranteed_by_projected_integrator,,
0.5_to_1,0.5,1.0,0.0320974588394165,0.0098083857446908,0.0114542935043573,0.5155922174453735,0.5159999132156372,cardiogb,20260826,full,1.0,0.0,True,guaranteed_by_projected_integrator,,
1_to_3,1.0,3.0,0.0337762534618377,0.0089218309149146,0.0104873850941658,0.4696432650089264,0.4569712579250335,cardiogb,20260826,full,1.0,0.0,True,guaranteed_by_projected_integrator,,
3_to_7,3.0,7.0,0.0979922115802764,0.0277496054768562,0.031805895268917,0.522230863571167,0.5098368525505066,cardiogb,20260826,full,1.0,0.0,True,guaranteed_by_projected_integrator,,
7_to_14,7.0,14.0,0.1879133284091949,0.0540950372815132,0.060380108654499,0.5044726133346558,0.4971729516983032,cardiogb,20260826,full,1.0,0.0,True,guaranteed_by_projected_integrator,,
14_to_28,14.0,28.0,0.0373580753803253,0.0037153197918087,0.009494200348854,0.5213956832885742,0.5132980346679688,cardiogb,20260826,full,1.0,0.0,True,guaranteed_by_projected_integrator,,
0_to_0.25,0.0,0.25,0.1160319745540618,0.0313671678304672,0.0398451648652553,0.3194071650505066,0.3097185790538788,cardiogb,20260827,full,1.0,0.0,True,guaranteed_by_projected_integrator,,
0.25_to_0.5,0.25,0.5,0.0726866424083709,0.0230471231043338,0.0287348572164773,0.4868844747543335,0.4845138192176819,cardiogb,20260827,full,1.0,0.0,True,guaranteed_by_projected_integrator,,
0.5_to_1,0.5,1.0,0.0214100182056427,0.0060510546900331,0.0057486635632812,0.5537121295928955,0.5553451776504517,cardiogb,20260827,full,1.0,0.0,True,guaranteed_by_projected_integrator,,
1_to_3,1.0,3.0,0.1326441466808319,0.0441916622221469,0.0416710935533046,0.4203066229820251,0.4052305817604065,cardiogb,20260827,full,1.0,0.0,True,guaranteed_by_projected_integrator,,
3_to_7,3.0,7.0,0.0196767747402191,0.0040659848600625,0.0073112240061163,0.5646295547485352,0.5636327266693115,cardiogb,20260827,full,1.0,0.0,True,guaranteed_by_projected_integrator,,
7_to_14,7.0,14.0,0.0197587013244628,0.0016187201254069,0.0045224791392683,0.7540524005889893,0.7681069374084473,cardiogb,20260827,full,1.0,0.0,True,guaranteed_by_projected_integrator,,
14_to_28,14.0,28.0,0.1269884407520294,0.03197031468153,0.0406957156956195,0.6623856425285339,0.6481760144233704,cardiogb,20260827,full,1.0,0.0,True,guaranteed_by_projected_integrator,,
0_to_0.25,0.0,0.25,0.0665614008903503,0.0166776683181524,0.0241866409778594,0.2737162709236145,0.2655154764652252,cardiogb,20260828,full,1.0,0.0,True,guaranteed_by_projected_integrator,,
0.25_to_0.5,0.25,0.5,0.0332155227661132,0.009329879656434,0.0092847403138875,0.4336611330509186,0.4309372901916504,cardiogb,20260828,full,1.0,0.0,True,guaranteed_by_projected_integrator,,
0.5_to_1,0.5,1.0,0.0149377882480621,0.0037919520400464,0.005119876936078,0.506647527217865,0.5024272203445435,cardiogb,20260828,full,1.0,0.0,True,guaranteed_by_projected_integrator,,
1_to_3,1.0,3.0,0.0435264706611633,0.0120772263035178,0.0133180087432265,0.4979475736618042,0.4845682382583618,cardiogb,20260828,full,1.0,0.0,True,guaranteed_by_projected_integrator,,
3_to_7,3.0,7.0,0.1492800414562225,0.04493373259902,0.0493974313139915,0.6184528470039368,0.616976261138916,cardiogb,20260828,full,1.0,0.0,True,guaranteed_by_projected_integrator,,
7_to_14,7.0,14.0,0.0620239675045013,0.0158479865640401,0.0171077195554971,0.5871116518974304,0.5844425559043884,cardiogb,20260828,full,1.0,0.0,True,guaranteed_by_projected_integrator,,
14_to_28,14.0,28.0,0.0499516427516937,0.0074231629259884,0.0113465236499905,0.4814666211605072,0.4747227132320404,cardiogb,20260828,full,1.0,0.0,True,guaranteed_by_projected_integrator,,
0_to_0.25,0.0,0.25,0.0622712075710296,0.0152827333658933,0.0215507615357637,0.302362322807312,0.2941243648529053,cardiogb,20260829,full,1.0,0.0,True,guaranteed_by_projected_integrator,,
0.25_to_0.5,0.25,0.5,0.0328244268894195,0.0093056578189134,0.0100334305316209,0.4644226729869842,0.4628372192382812,cardiogb,20260829,full,1.0,0.0,True,guaranteed_by_projected_integrator,,
0.5_to_1,0.5,1.0,0.0137360095977783,0.003352033207193,0.0033354035113006,0.5222005248069763,0.5169289112091064,cardiogb,20260829,full,1.0,0.0,True,guaranteed_by_projected_integrator,,
1_to_3,1.0,3.0,0.0576531589031219,0.0172043517231941,0.0181671772152185,0.4312032163143158,0.4191913604736328,cardiogb,20260829,full,1.0,0.0,True,guaranteed_by_projected_integrator,,
3_to_7,3.0,7.0,0.0107873082160949,0.0018139210296794,0.0041832816787064,0.5358395576477051,0.5324782133102417,cardiogb,20260829,full,1.0,0.0,True,guaranteed_by_projected_integrator,,
7_to_14,7.0,14.0,0.018871933221817,0.0027901877183467,0.004891897086054,0.7010114192962646,0.7044820189476013,cardiogb,20260829,full,1.0,0.0,True,guaranteed_by_projected_integrator,,
14_to_28,14.0,28.0,0.0342848002910614,0.0060975309461355,0.011088715866208,0.4964417517185211,0.4821789860725403,cardiogb,20260829,full,1.0,0.0,True,guaranteed_by_projected_integrator,,
0_to_0.25,0.0,0.25,0.0861049741506576,0.0232494492083787,0.0206975992769002,0.9999998807907104,0.9999999403953552,,20260825,no_mechanism,1.0,0.0,True,measured_from_predictions,0.0,1.0
0.25_to_0.5,0.25,0.5,0.0285727754235267,0.0080400938168168,0.0081115653738379,0.9999999403953552,0.9999999403953552,,20260825,no_mechanism,1.0,0.0,True,measured_from_predictions,0.0,1.0
0.5_to_1,0.5,1.0,0.0165498238056898,0.0048015117645263,0.0048868237063288,0.9999998807907104,0.9999998807907104,,20260825,no_mechanism,1.0,0.0,True,measured_from_predictions,0.0,1.0
1_to_3,1.0,3.0,0.0446684136986732,0.0137162758037447,0.0146265840157866,0.9999998211860656,0.9999997615814208,,20260825,no_mechanism,1.0,0.0,True,measured_from_predictions,0.0,1.0
3_to_7,3.0,7.0,0.0800514593720436,0.0231432244181633,0.0189493689686059,0.9999998211860656,0.9999997615814208,,20260825,no_mechanism,1.0,0.0,True,measured_from_predictions,0.0,1.0
7_to_14,7.0,14.0,0.0774469226598739,0.0199330113828182,0.0212006755173206,0.9999998211860656,0.9999998211860656,,20260825,no_mechanism,1.0,0.0,True,measured_from_predictions,0.0,0.9798296093940736
14_to_28,14.0,28.0,0.0197506248950958,0.0030543862376362,0.0036768040154129,0.9999998807907104,0.9999999403953552,,20260825,no_mechanism,1.0,0.0,True,measured_from_predictions,0.0,1.0
0_to_0.25,0.0,0.25,0.1432411670684814,0.0412562228739261,0.0436273925006389,0.9999998807907104,0.9999999403953552,,20260826,no_mechanism,1.0,0.0,True,measured_from_predictions,0.0,1.0
0.25_to_0.5,0.25,0.5,0.0422927588224411,0.0130170742049813,0.0130462050437927,0.9999999403953552,0.9999999403953552,,20260826,no_mechanism,1.0,0.0,True,measured_from_predictions,0.0,1.0
0.5_to_1,0.5,1.0,0.0290479399263858,0.009166988544166,0.010300638154149,0.9999998807907104,0.9999999403953552,,20260826,no_mechanism,1.0,0.0,True,measured_from_predictions,0.0,1.0
1_to_3,1.0,3.0,0.0365506745874881,0.0109472768381237,0.0112882228568196,0.9999998211860656,0.9999998211860656,,20260826,no_mechanism,1.0,0.0,True,measured_from_predictions,0.0,1.0
3_to_7,3.0,7.0,0.0815464034676551,0.023421062156558,0.0249384231865406,0.9999998211860656,0.999999701976776,,20260826,no_mechanism,1.0,0.0,True,measured_from_predictions,0.0,1.0
7_to_14,7.0,14.0,0.114136129617691,0.0312644876539707,0.0317166708409786,0.9999998211860656,0.9999998211860656,,20260826,no_mechanism,1.0,0.0,True,measured_from_predictions,0.0,1.0
14_to_28,14.0,28.0,0.0150289526209235,0.0015569110400974,0.0042267073877155,0.9999998807907104,0.9999999403953552,,20260826,no_mechanism,1.0,0.0,True,measured_from_predictions,0.0,1.0
0_to_0.25,0.0,0.25,0.1437762975692749,0.0415744632482528,0.0502731315791606,0.9999998807907104,0.9999998807907104,,20260827,no_mechanism,1.0,0.0,True,measured_from_predictions,0.0,1.0
0.25_to_0.5,0.25,0.5,0.0636179000139236,0.0202299635857343,0.0257834605872631,0.9999999403953552,0.9999998807907104,,20260827,no_mechanism,1.0,0.0,True,measured_from_predictions,0.0,1.0
0.5_to_1,0.5,1.0,0.0211907289922237,0.0062677105888724,0.005786548834294,0.9999998807907104,0.9999998807907104,,20260827,no_mechanism,1.0,0.0,True,measured_from_predictions,0.0,1.0
1_to_3,1.0,3.0,0.1393547803163528,0.0493328943848609,0.0451381579041481,0.9999999403953552,0.9999999403953552,,20260827,no_mechanism,1.0,0.0,True,measured_from_predictions,0.0,1.0
3_to_7,3.0,7.0,0.0068679153919219,0.0015047921333462,0.0024303977843374,0.9999998211860656,0.9999997615814208,,20260827,no_mechanism,1.0,0.0,True,measured_from_predictions,0.0,1.0
7_to_14,7.0,14.0,0.0061732926405966,0.0006870108190923,0.0010610899189487,0.9999998211860656,0.9999999403953552,,20260827,no_mechanism,1.0,0.0,True,measured_from_predictions,0.0,0.9925145506858826
14_to_28,14.0,28.0,0.0429503992199897,0.0111113805323839,0.0118492702022194,0.9999998807907104,0.9999999403953552,,20260827,no_mechanism,1.0,0.0,True,measured_from_predictions,0.0,1.0
0_to_0.25,0.0,0.25,0.0893900245428085,0.0242632199078798,0.0315308719873428,0.9999998807907104,0.9999998211860656,,20260828,no_mechanism,1.0,0.0,True,measured_from_predictions,0.0,1.0
0.25_to_0.5,0.25,0.5,0.0307490862905979,0.008622576482594,0.0092223770916461,0.9999999403953552,0.9999998211860656,,20260828,no_mechanism,1.0,0.0,True,measured_from_predictions,0.0,1.0
0.5_to_1,0.5,1.0,0.0191988199949264,0.0053683165460824,0.0064461003057658,0.9999998807907104,0.9999998211860656,,20260828,no_mechanism,1.0,0.0,True,measured_from_predictions,0.0,1.0
1_to_3,1.0,3.0,0.0425658337771892,0.0129999537020921,0.0135537832975387,0.9999999403953552,0.9999998211860656,,20260828,no_mechanism,1.0,0.0,True,measured_from_predictions,0.0,1.0
3_to_7,3.0,7.0,0.135765254497528,0.0427441969513893,0.0432448834180831,0.9999999403953552,0.9999997615814208,,20260828,no_mechanism,1.0,0.0,True,measured_from_predictions,0.0,0.9997482895851136
7_to_14,7.0,14.0,0.078154943883419,0.0214608814567327,0.0232900716364383,0.9999996423721312,0.9999996423721312,,20260828,no_mechanism,1.0,0.0,True,measured_from_predictions,0.0,1.0
14_to_28,14.0,28.0,0.0114856548607349,0.0016036219894886,0.0024234137963503,0.9999998807907104,0.9999998807907104,,20260828,no_mechanism,1.0,0.0,True,measured_from_predictions,0.0,1.0
0_to_0.25,0.0,0.25,0.0885906219482421,0.0238355454057455,0.0286984182894229,0.9999998807907104,0.9999998807907104,,20260829,no_mechanism,1.0,0.0,True,measured_from_predictions,0.0,1.0
0.25_to_0.5,0.25,0.5,0.0295591745525598,0.0083024082705378,0.0093694496899843,0.9999999403953552,0.9999998807907104,,20260829,no_mechanism,1.0,0.0,True,measured_from_predictions,0.0,1.0
0.5_to_1,0.5,1.0,0.0138742364943027,0.0037227412685751,0.0037381369620561,0.9999998807907104,0.9999999403953552,,20260829,no_mechanism,1.0,0.0,True,measured_from_predictions,0.0,1.0
1_to_3,1.0,3.0,0.0390667654573917,0.0121561158448457,0.0126317245885729,0.9999999403953552,0.9999998807907104,,20260829,no_mechanism,1.0,0.0,True,measured_from_predictions,0.0,1.0
3_to_7,3.0,7.0,0.004519822075963,0.0009752762271091,0.001448975643143,0.9999998807907104,0.9999998807907104,,20260829,no_mechanism,1.0,0.0,True,measured_from_predictions,0.0,1.0
7_to_14,7.0,14.0,0.010827150195837,0.0023519955575466,0.0031920487526804,0.9999998211860656,0.9999998807907104,,20260829,no_mechanism,1.0,0.0,True,measured_from_predictions,0.0,0.9747347831726074
14_to_28,14.0,28.0,0.032923262566328,0.0071866833604872,0.0089522739872336,0.9999999403953552,0.9999998807907104,,20260829,no_mechanism,1.0,0.0,True,measured_from_predictions,0.0,1.0
0_to_0.25,0.0,0.25,0.0651920586824417,0.0162706356495618,0.0234297551214694,0.084779068827629,0.0806299149990081,,20260825,no_graph,1.0,0.0,True,measured_from_predictions,0.0,1.0
0.25_to_0.5,0.25,0.5,0.0319105014204978,0.0090143159031867,0.0086876628920435,0.2001033574342727,0.1999623030424118,,20260825,no_graph,1.0,0.0,True,measured_from_predictions,0.0,1.0
0.5_to_1,0.5,1.0,0.0173669196665287,0.0046773292124271,0.0051985555328428,0.2835802733898163,0.2801070213317871,,20260825,no_graph,1.0,0.0,True,measured_from_predictions,0.0,1.0
1_to_3,1.0,3.0,0.0505592226982116,0.0141357108950614,0.017937084659934,0.3393293917179107,0.3268580138683319,,20260825,no_graph,1.0,0.0,True,measured_from_predictions,0.0,1.0
3_to_7,3.0,7.0,0.0600424893200397,0.0158412139862775,0.0197405945509672,0.471828818321228,0.4589405059814453,,20260825,no_graph,1.0,0.0,True,measured_from_predictions,0.0,1.0
7_to_14,7.0,14.0,0.1850644648075103,0.0507485531270504,0.0474374927580356,0.532687246799469,0.5272834300994873,,20260825,no_graph,1.0,0.0,True,measured_from_predictions,0.0,1.0
14_to_28,14.0,28.0,0.2029566019773483,0.0364933870732784,0.0420185923576355,0.5745749473571777,0.5774986147880554,,20260825,no_graph,1.0,0.0,True,measured_from_predictions,0.0,1.0
0_to_0.25,0.0,0.25,0.1178045719861984,0.0320441387593746,0.0383127219974994,0.164278894662857,0.1589380651712417,,20260826,no_graph,1.0,0.0,True,measured_from_predictions,0.0,1.0
0.25_to_0.5,0.25,0.5,0.0491368919610977,0.0151415821164846,0.0149614652618765,0.3409506976604461,0.3470844626426697,,20260826,no_graph,1.0,0.0,True,measured_from_predictions,0.0,1.0
0.5_to_1,0.5,1.0,0.0299075990915298,0.0091328788548707,0.0099919065833091,0.4281516969203949,0.4282886385917663,,20260826,no_graph,1.0,0.0,True,measured_from_predictions,0.0,1.0
1_to_3,1.0,3.0,0.0380471423268318,0.010199069045484,0.0129734529182314,0.4230982065200805,0.4116600453853607,,20260826,no_graph,1.0,0.0,True,measured_from_predictions,0.0,1.0
3_to_7,3.0,7.0,0.082777589559555,0.0225508194416761,0.0242053624242544,0.4880050420761108,0.473880797624588,,20260826,no_graph,1.0,0.0,True,measured_from_predictions,0.0,1.0
7_to_14,7.0,14.0,0.2160608768463134,0.0643764808773994,0.073243647813797,0.4734801054000854,0.4645169377326965,,20260826,no_graph,1.0,0.0,True,measured_from_predictions,0.0,1.0
14_to_28,14.0,28.0,0.0782419294118881,0.007976452820003,0.0193842034786939,0.4603785276412964,0.4664925634860992,,20260826,no_graph,1.0,0.0,True,measured_from_predictions,0.0,1.0
0_to_0.25,0.0,0.25,0.1227388009428978,0.0337457619607448,0.034033827483654,0.2012515664100647,0.1961749196052551,,20260827,no_graph,1.0,0.0,True,measured_from_predictions,0.0,1.0
0.25_to_0.5,0.25,0.5,0.0679092705249786,0.0211987271904945,0.0223549082875251,0.3792949616909027,0.387392908334732,,20260827,no_graph,1.0,0.0,True,measured_from_predictions,0.0,1.0
0.5_to_1,0.5,1.0,0.0278966687619686,0.0083451205864548,0.0089630419388413,0.4514363408088684,0.4537603855133056,,20260827,no_graph,1.0,0.0,True,measured_from_predictions,0.0,1.0
1_to_3,1.0,3.0,0.1010189056396484,0.0317725464701652,0.0341775268316268,0.3833576738834381,0.3792172372341156,,20260827,no_graph,1.0,0.0,True,measured_from_predictions,0.0,1.0
3_to_7,3.0,7.0,0.0209439098834991,0.004820636473596,0.0066685006022453,0.578907310962677,0.5748944878578186,,20260827,no_graph,1.0,0.0,True,measured_from_predictions,0.0,1.0
7_to_14,7.0,14.0,0.0162145532667636,0.0016125941183418,0.0047892942093312,0.6747036576271057,0.6791015863418579,,20260827,no_graph,1.0,0.0,True,measured_from_predictions,0.0,1.0
14_to_28,14.0,28.0,0.1616597473621368,0.0275691170245409,0.0431361198425293,0.514331042766571,0.5200778245925903,,20260827,no_graph,1.0,0.0,True,measured_from_predictions,0.0,1.0
0_to_0.25,0.0,0.25,0.0658819302916526,0.0164791010320186,0.0194421354681253,0.0497588999569416,0.0474098175764083,,20260828,no_graph,1.0,0.0,True,measured_from_predictions,0.0,1.0
0.25_to_0.5,0.25,0.5,0.0318448394536972,0.0089837871491909,0.0096246022731065,0.1221735998988151,0.1233756765723228,,20260828,no_graph,1.0,0.0,True,measured_from_predictions,0.0,1.0
0.5_to_1,0.5,1.0,0.0167477279901504,0.0042197643779218,0.0051687625236809,0.1770499497652053,0.1745317876338958,,20260828,no_graph,1.0,0.0,True,measured_from_predictions,0.0,1.0
1_to_3,1.0,3.0,0.067644864320755,0.0198528226464986,0.0198960080742836,0.2875564992427826,0.273185133934021,,20260828,no_graph,1.0,0.0,True,measured_from_predictions,0.0,1.0
3_to_7,3.0,7.0,0.0992446914315223,0.029173694550991,0.0357017815113067,0.5339255928993225,0.5276280641555786,,20260828,no_graph,1.0,0.0,True,measured_from_predictions,0.0,1.0
7_to_14,7.0,14.0,0.1486636996269226,0.0413930267095565,0.0386129431426525,0.5103192329406738,0.5063299536705017,,20260828,no_graph,1.0,0.0,True,measured_from_predictions,0.0,1.0
14_to_28,14.0,28.0,0.2171520739793777,0.0408527366816997,0.0571418143808841,0.541310727596283,0.5449259281158447,,20260828,no_graph,1.0,0.0,True,measured_from_predictions,0.0,1.0
0_to_0.25,0.0,0.25,0.0636609643697738,0.015835840255022,0.01506810169667,0.148620143532753,0.1443038582801818,,20260829,no_graph,1.0,0.0,True,measured_from_predictions,0.0,1.0
0.25_to_0.5,0.25,0.5,0.0309722516685724,0.008752791211009,0.0094705019146204,0.288570374250412,0.2928627431392669,,20260829,no_graph,1.0,0.0,True,measured_from_predictions,0.0,1.0
0.5_to_1,0.5,1.0,0.0163046717643737,0.0041356878355145,0.0046632015146315,0.3534015417098999,0.3524722754955292,,20260829,no_graph,1.0,0.0,True,measured_from_predictions,0.0,1.0
1_to_3,1.0,3.0,0.0484796985983848,0.014102523215115,0.0151331424713134,0.3713563978672027,0.3543304800987243,,20260829,no_graph,1.0,0.0,True,measured_from_predictions,0.0,1.0
3_to_7,3.0,7.0,0.0341630652546882,0.0087779927998781,0.0112602515146136,0.5782782435417175,0.5740715265274048,,20260829,no_graph,1.0,0.0,True,measured_from_predictions,0.0,1.0
7_to_14,7.0,14.0,0.0161792822182178,0.0015365511644631,0.0046513359993696,0.6047552227973938,0.6081981658935547,,20260829,no_graph,1.0,0.0,True,measured_from_predictions,0.0,1.0
14_to_28,14.0,28.0,0.0740457624197006,0.0107398452237248,0.0172890089452266,0.4178394377231598,0.4234599769115448,,20260829,no_graph,1.0,0.0,True,measured_from_predictions,0.0669360980391502,1.0
0_to_0.25,0.0,0.25,0.0654254853725433,0.0164161697030067,0.015620581805706,0.2099929749965667,0.2039200812578201,,20260825,no_constraints,1.0,0.0817932922655715,True,measured_from_predictions,-0.0095256622880697,1.038719654083252
0.25_to_0.5,0.25,0.5,0.0324565172195434,0.0091289542615413,0.0094130057841539,0.3575575351715088,0.3547490835189819,,20260825,no_constraints,1.0,0.0288850869689193,True,measured_from_predictions,-0.0079466998577117,1.0117990970611572
0.5_to_1,0.5,1.0,0.0171234849840402,0.0047239875420928,0.0054246573708951,0.4322271049022674,0.4299451112747192,,20260825,no_constraints,1.0,0.0248462748462748,True,measured_from_predictions,-0.0202688630670309,1.0267488956451416
1_to_3,1.0,3.0,0.0433922410011291,0.0115098785609006,0.0145851746201515,0.4088421165943146,0.3971001505851745,,20260825,no_constraints,1.0,0.0183228225668996,True,measured_from_predictions,-0.0746211633086204,1.1277906894683838
3_to_7,3.0,7.0,0.0828344076871872,0.0246788058429956,0.0206191875040531,0.5074251294136047,0.4967323541641235,,20260825,no_constraints,1.0,0.0646637816245006,True,measured_from_predictions,-0.2160460799932479,1.1289911270141602
7_to_14,7.0,14.0,0.1697484999895095,0.0468026436865329,0.050101600587368,0.5040068626403809,0.4957784712314605,,20260825,no_constraints,1.0,0.0639737025096403,True,measured_from_predictions,-0.4090783894062042,1.5327796936035156
14_to_28,14.0,28.0,0.030744582414627,0.0026856609620153,0.0155083164572715,0.4873070418834686,0.4893728196620941,,20260825,no_constraints,1.0,0.0802171800397177,True,measured_from_predictions,-1.2246452569961548,1.7123467922210691
0_to_0.25,0.0,0.25,0.1162987947463989,0.0315181463956832,0.0333832539618015,0.1936381608247757,0.1834021657705307,,20260826,no_constraints,1.0,0.030882305009615,True,measured_from_predictions,-0.0200451724231243,1.0409516096115112
0.25_to_0.5,0.25,0.5,0.0491228774189949,0.0151407727971673,0.0155787374824285,0.3465350568294525,0.3442060947418213,,20260826,no_constraints,1.0,0.0194715943799633,True,measured_from_predictions,-0.0171057935804128,1.0145494937896729
0.5_to_1,0.5,1.0,0.0293208491057157,0.0089121330529451,0.0106849018484354,0.4282445311546325,0.4225804209709167,,20260826,no_constraints,1.0,0.0301083396321491,True,measured_from_predictions,-0.0404863953590393,1.028133749961853
1_to_3,1.0,3.0,0.0414116308093071,0.0110626947134733,0.0133863650262355,0.3783363699913025,0.3636504709720611,,20260826,no_constraints,1.0,0.0164763365717856,True,measured_from_predictions,-0.1342326551675796,1.1632719039916992
3_to_7,3.0,7.0,0.0718950405716896,0.0201490633189678,0.0237674824893474,0.4668671488761902,0.4561997056007385,,20260826,no_constraints,1.0,0.0549267643142476,True,measured_from_predictions,-0.2581384181976318,1.3211344480514526
7_to_14,7.0,14.0,0.1805766075849533,0.0514905266463756,0.0547630861401557,0.5102821588516235,0.5055767297744751,,20260826,no_constraints,1.0,0.0654592578544787,True,measured_from_predictions,-0.4480744004249573,1.4610333442687988
14_to_28,14.0,28.0,0.0267264451831579,0.0033311534207314,0.0089600440114736,0.5205806493759155,0.518165647983551,,20260826,no_constraints,1.0,0.0958930155913297,True,measured_from_predictions,-0.7644829154014587,1.543323993682861
0_to_0.25,0.0,0.25,0.1190636903047561,0.0323281623423099,0.0409317538142204,0.3008836209774017,0.2941033244132995,,20260827,no_constraints,1.0,0.0125973729669828,True,measured_from_predictions,-0.0051895063370466,1.0551464557647705
0.25_to_0.5,0.25,0.5,0.0724118202924728,0.0229569599032402,0.0287472400814294,0.4943196773529053,0.4973708689212799,,20260827,no_constraints,1.0,0.0161017461180593,True,measured_from_predictions,-0.0068184668198227,1.0287407636642456
0.5_to_1,0.5,1.0,0.0228755995631217,0.0065458151511847,0.0062475483864545,0.5774216055870056,0.5851103067398071,,20260827,no_constraints,1.0,0.0046811000585137,True,measured_from_predictions,-0.0226155221462249,1.0591731071472168
1_to_3,1.0,3.0,0.1164615005254745,0.0381912030279636,0.0368274040520191,0.4344878792762756,0.4257359802722931,,20260827,no_constraints,1.0,0.01940230668712,True,measured_from_predictions,-0.0659015476703643,1.2169278860092163
3_to_7,3.0,7.0,0.0110376290977001,0.0013102409429848,0.0045367963612079,0.5308078527450562,0.5307812690734863,,20260827,no_constraints,1.0,0.0207055662636528,True,measured_from_predictions,-0.2364515662193298,1.257238268852234
7_to_14,7.0,14.0,0.0341202355921268,0.0071324869059026,0.0104681774973869,0.7205594778060913,0.7246806621551514,,20260827,no_constraints,1.0,0.2978978978978979,True,measured_from_predictions,-0.5278041362762451,1.185760259628296
14_to_28,14.0,28.0,0.054221112281084,0.0189388412982225,0.0280068758875131,0.5603086948394775,0.5611616969108582,,20260827,no_constraints,1.0,0.0985972028562978,True,measured_from_predictions,-1.397937297821045,1.539530634880066
0_to_0.25,0.0,0.25,0.0688661858439445,0.0175017341971397,0.0249931272119283,0.2653673589229584,0.2591336071491241,,20260828,no_constraints,1.0,0.240083439262084,True,measured_from_predictions,-0.019109196960926,1.038726806640625
0.25_to_0.5,0.25,0.5,0.0337601825594902,0.009483216330409,0.0094544971361756,0.4259559214115143,0.4232962727546692,,20260828,no_constraints,1.0,0.1116909039064727,True,measured_from_predictions,-0.0190813690423965,1.0056833028793335
0.5_to_1,0.5,1.0,0.0184401385486125,0.0048551373183727,0.0063728094100952,0.5000628232955933,0.4971624612808227,,20260828,no_constraints,1.0,0.0613470613470613,True,measured_from_predictions,-0.0383968465030193,1.0238561630249023
1_to_3,1.0,3.0,0.0384629070758819,0.0102247083559632,0.0120040159672498,0.4868703782558441,0.4707383513450622,,20260828,no_constraints,1.0,0.0534433285509325,True,measured_from_predictions,-0.1508292257785797,1.1349960565567017
3_to_7,3.0,7.0,0.155277207493782,0.0535525791347026,0.056178905069828,0.5822076201438904,0.5745875239372253,,20260828,no_constraints,1.0,0.1666374627650254,True,measured_from_predictions,-0.3020744323730469,1.250263214111328
7_to_14,7.0,14.0,0.1527523100376129,0.0451311729848384,0.0470139309763908,0.4809785187244415,0.4721289873123169,,20260828,no_constraints,1.0,0.0589240469035413,True,measured_from_predictions,-0.507534921169281,1.589507222175598
14_to_28,14.0,28.0,0.0483205504715442,0.0072203525342047,0.0150169590488076,0.4943966269493103,0.4967268109321594,,20260828,no_constraints,1.0,0.0922381374910212,True,measured_from_predictions,-0.9946587085723876,1.8097761869430544
0_to_0.25,0.0,0.25,0.0642673969268798,0.0159032549709081,0.0223931930959224,0.2972822189331054,0.2904358506202698,,20260829,no_constraints,1.0,0.1237899677324728,True,measured_from_predictions,-0.0222712233662605,1.053072452545166
0.25_to_0.5,0.25,0.5,0.0339661985635757,0.0096266316249966,0.0103824585676193,0.4790111780166626,0.4789251387119293,,20260829,no_constraints,1.0,0.0719418306244653,True,measured_from_predictions,-0.021961648017168,1.0150468349456787
0.5_to_1,0.5,1.0,0.0139400344341993,0.0034260360989719,0.0035408411640673,0.5540405511856079,0.5566565990447998,,20260829,no_constraints,1.0,0.0523023023023023,True,measured_from_predictions,-0.0428693369030952,1.0374102592468262
1_to_3,1.0,3.0,0.044597040861845,0.0124955773353576,0.0133993318304419,0.4436007440090179,0.43343585729599,,20260829,no_constraints,1.0,0.0303682448589191,True,measured_from_predictions,-0.1450975835323333,1.177092432975769
3_to_7,3.0,7.0,0.0105183543637394,0.0010822422336786,0.0038989172317087,0.4777384996414184,0.4758481383323669,,20260829,no_constraints,1.0,0.0193677937556678,True,measured_from_predictions,-0.298913300037384,1.2661739587783811
7_to_14,7.0,14.0,0.0241558421403169,0.0056748478673398,0.0073999557644128,0.6750699877738953,0.6755110621452332,,20260829,no_constraints,1.0,0.2349440349440349,True,measured_from_predictions,-0.5512894988059998,1.2458891868591309
14_to_28,14.0,28.0,0.0405772477388381,0.0054071238264441,0.0170813631266355,0.508123517036438,0.5045931935310364,,20260829,no_constraints,1.0,0.0823056421375976,True,measured_from_predictions,-0.9957738518714904,1.4773261547088623
0_to_0.25,0.0,0.25,0.0644072145223617,0.0161036420613527,0.0153395207598805,0.2583268284797668,0.2507473528385162,,20260825,shuffled_graph,1.0,0.0,True,measured_from_predictions,0.0,1.0
0.25_to_0.5,0.25,0.5,0.0322397500276565,0.0090753715485334,0.0093407072126865,0.4078014194965362,0.404889166355133,,20260825,shuffled_graph,1.0,0.0,True,measured_from_predictions,0.0,1.0
0.5_to_1,0.5,1.0,0.0152119603008031,0.0041253957897424,0.004748054780066,0.4670468270778656,0.4639292955398559,,20260825,shuffled_graph,1.0,0.0,True,measured_from_predictions,0.0,1.0
1_to_3,1.0,3.0,0.0428395122289657,0.0115036675706505,0.0131102576851844,0.4155277907848358,0.4038608372211456,,20260825,shuffled_graph,1.0,0.0,True,measured_from_predictions,0.0,1.0
3_to_7,3.0,7.0,0.0752758607268333,0.0206962190568447,0.0186801217496395,0.5051403045654297,0.494505226612091,,20260825,shuffled_graph,1.0,0.0,True,measured_from_predictions,0.0,1.0
7_to_14,7.0,14.0,0.1461758464574813,0.0397439412772655,0.0433362945914268,0.565893828868866,0.5651594996452332,,20260825,shuffled_graph,1.0,0.0,True,measured_from_predictions,0.0,1.0
14_to_28,14.0,28.0,0.0315869078040123,0.0037065469659864,0.0108810253441333,0.5064601898193359,0.4970843195915222,,20260825,shuffled_graph,1.0,0.0,True,measured_from_predictions,0.0,1.0
0_to_0.25,0.0,0.25,0.1178032979369163,0.0319900959730148,0.0339728742837905,0.2525773346424103,0.2400814145803451,,20260826,shuffled_graph,1.0,0.0,True,measured_from_predictions,0.0,1.0
0.25_to_0.5,0.25,0.5,0.0491740107536315,0.0151705425232648,0.0156143214553594,0.4092568755149841,0.4056922197341919,,20260826,shuffled_graph,1.0,0.0,True,measured_from_predictions,0.0,1.0
0.5_to_1,0.5,1.0,0.0285777188837528,0.0086721945554018,0.0103424694389104,0.4935546219348907,0.4915531873703003,,20260826,shuffled_graph,1.0,0.0,True,measured_from_predictions,0.0,1.0
1_to_3,1.0,3.0,0.0341740399599075,0.0092890122905373,0.0115001080557703,0.4329988658428192,0.4205930829048157,,20260826,shuffled_graph,1.0,0.0,True,measured_from_predictions,0.0,1.0
3_to_7,3.0,7.0,0.0758591368794441,0.0206103101372718,0.02418839558959,0.4918273985385895,0.4815292656421661,,20260826,shuffled_graph,1.0,0.0,True,measured_from_predictions,0.0,1.0
7_to_14,7.0,14.0,0.1735131293535232,0.050935223698616,0.0576053000986576,0.5449635982513428,0.53933185338974,,20260826,shuffled_graph,1.0,0.0,True,measured_from_predictions,0.0,1.0
14_to_28,14.0,28.0,0.0224115885794162,0.0017423816025257,0.0056986734271049,0.516011118888855,0.5056115984916687,,20260826,shuffled_graph,1.0,0.0,True,measured_from_predictions,0.0,1.0
0_to_0.25,0.0,0.25,0.1184921413660049,0.0321531035006046,0.0407423786818981,0.3121178150177002,0.2989396452903747,,20260827,shuffled_graph,1.0,0.0,True,measured_from_predictions,0.0,1.0
0.25_to_0.5,0.25,0.5,0.0722274780273437,0.0228425059467554,0.028616152703762,0.479599267244339,0.4766297936439514,,20260827,shuffled_graph,1.0,0.0,True,measured_from_predictions,0.0,1.0
0.5_to_1,0.5,1.0,0.0223030038177967,0.0063824919052422,0.006074852310121,0.5552047491073608,0.5578672289848328,,20260827,shuffled_graph,1.0,0.0,True,measured_from_predictions,0.0,1.0
1_to_3,1.0,3.0,0.1177184805274009,0.0390789918601512,0.0374099761247634,0.432693749666214,0.418393611907959,,20260827,shuffled_graph,1.0,0.0,True,measured_from_predictions,0.0,1.0
3_to_7,3.0,7.0,0.0153783038258552,0.0029695848934352,0.0055523868650197,0.5699795484542847,0.5702567100524902,,20260827,shuffled_graph,1.0,0.0,True,measured_from_predictions,0.0,1.0
7_to_14,7.0,14.0,0.0239207111299037,0.0021048057824373,0.0055306176654994,0.7620608806610107,0.7793570160865784,,20260827,shuffled_graph,1.0,0.0,True,measured_from_predictions,0.0,1.0
14_to_28,14.0,28.0,0.0560548529028892,0.0111888293176889,0.0155933191999793,0.5727706551551819,0.5491508841514587,,20260827,shuffled_graph,1.0,0.0,True,measured_from_predictions,0.0,1.0
0_to_0.25,0.0,0.25,0.0632596760988235,0.0157454460859298,0.0227593276649713,0.2617338597774505,0.2499333173036575,,20260828,shuffled_graph,1.0,0.0,True,measured_from_predictions,0.0,1.0
0.25_to_0.5,0.25,0.5,0.0317615754902362,0.0089531643316149,0.0088250748813152,0.4151240587234497,0.4106696546077728,,20260828,shuffled_graph,1.0,0.0,True,measured_from_predictions,0.0,1.0
0.5_to_1,0.5,1.0,0.0140495747327804,0.0034924915526062,0.0047973277978599,0.4799649715423584,0.4766884446144104,,20260828,shuffled_graph,1.0,0.0,True,measured_from_predictions,0.0,1.0
1_to_3,1.0,3.0,0.0707891136407852,0.0211709178984165,0.0224036406725645,0.4415122866630554,0.4297924041748047,,20260828,shuffled_graph,1.0,0.0,True,measured_from_predictions,0.0,1.0
3_to_7,3.0,7.0,0.0969761759042739,0.0278007872402668,0.0321552120149135,0.556450605392456,0.5518215298652649,,20260828,shuffled_graph,1.0,0.0,True,measured_from_predictions,0.0,1.0
7_to_14,7.0,14.0,0.0597823038697242,0.0162079483270645,0.0179623663425445,0.6069447994232178,0.605929970741272,,20260828,shuffled_graph,1.0,0.0,True,measured_from_predictions,0.0,1.0
14_to_28,14.0,28.0,0.0372458510100841,0.0047376141883432,0.0087522128596901,0.498441070318222,0.4921919107437134,,20260828,shuffled_graph,1.0,0.0,True,measured_from_predictions,0.0,1.0
0_to_0.25,0.0,0.25,0.061979629099369,0.0151713974773883,0.0214554164558649,0.308906227350235,0.3007308840751648,,20260829,shuffled_graph,1.0,0.0,True,measured_from_predictions,0.0,1.0
0.25_to_0.5,0.25,0.5,0.0329717546701431,0.0093500632792711,0.010094666853547,0.471946120262146,0.4709632694721222,,20260829,shuffled_graph,1.0,0.0,True,measured_from_predictions,0.0,1.0
0.5_to_1,0.5,1.0,0.0140378735959529,0.0034313371870666,0.0034021255560219,0.5275557637214661,0.5248572826385498,,20260829,shuffled_graph,1.0,0.0,True,measured_from_predictions,0.0,1.0
1_to_3,1.0,3.0,0.0585781820118427,0.0174926090985536,0.0185188502073287,0.4248682558536529,0.4143725335597992,,20260829,shuffled_graph,1.0,0.0,True,measured_from_predictions,0.0,1.0
3_to_7,3.0,7.0,0.0113670667633414,0.0018223609076812,0.0044155288487672,0.5347835421562195,0.5298608541488647,,20260829,shuffled_graph,1.0,0.0,True,measured_from_predictions,0.0,1.0
7_to_14,7.0,14.0,0.0223890952765941,0.0033331138547509,0.0056556072086095,0.7036797404289246,0.7097548842430115,,20260829,shuffled_graph,1.0,0.0,True,measured_from_predictions,0.0,1.0
14_to_28,14.0,28.0,0.0426888354122638,0.0089459223672747,0.0144832357764244,0.4946454763412475,0.4800640046596527,,20260829,shuffled_graph,1.0,0.0,True,measured_from_predictions,0.0,1.0
0_to_0.25,0.0,0.25,0.0655587166547775,0.0164509657770395,0.0157101489603519,0.2557942867279053,0.2488680481910705,,20260825,mechanistic_misspecification,1.0,0.0,True,measured_from_predictions,0.0,1.0
0.25_to_0.5,0.25,0.5,0.0330225452780723,0.0092910630628466,0.0095579931512475,0.4070630371570587,0.4035817086696625,,20260825,mechanistic_misspecification,1.0,0.0,True,measured_from_predictions,0.0,1.0
0.5_to_1,0.5,1.0,0.0163857191801071,0.0045171282254159,0.0051603186875581,0.4744096994400024,0.4711737632751465,,20260825,mechanistic_misspecification,1.0,0.0,True,measured_from_predictions,0.0,1.0
1_to_3,1.0,3.0,0.0411244481801986,0.0108735617250204,0.0138735296204686,0.4412261545658111,0.4297989308834076,,20260825,mechanistic_misspecification,1.0,0.0,True,measured_from_predictions,0.0,1.0
3_to_7,3.0,7.0,0.0952243506908416,0.02762246504426,0.0229063741862773,0.5191537141799927,0.5089331865310669,,20260825,mechanistic_misspecification,1.0,0.0,True,measured_from_predictions,0.0,1.0
7_to_14,7.0,14.0,0.1627883017063141,0.0440641678869724,0.0470454879105091,0.5234719514846802,0.5168370008468628,,20260825,mechanistic_misspecification,1.0,0.0,True,measured_from_predictions,0.0,1.0
14_to_28,14.0,28.0,0.0277480855584144,0.0016349235083907,0.0074455267749726,0.5017340779304504,0.4945881366729736,,20260825,mechanistic_misspecification,1.0,0.0,True,measured_from_predictions,0.0,1.0
0_to_0.25,0.0,0.25,0.1205295324325561,0.0328453630208969,0.0346144996583461,0.2892388701438904,0.2825720608234405,,20260826,mechanistic_misspecification,1.0,0.0,True,measured_from_predictions,0.0,1.0
0.25_to_0.5,0.25,0.5,0.0480799302458763,0.0146983144804835,0.0148408813402056,0.4523963928222656,0.4506264328956604,,20260826,mechanistic_misspecification,1.0,0.0,True,measured_from_predictions,0.0,1.0
0.5_to_1,0.5,1.0,0.0351255536079406,0.0108214542269706,0.0120969163253903,0.5353169441223145,0.5381177663803101,,20260826,mechanistic_misspecification,1.0,0.0,True,measured_from_predictions,0.0,1.0
1_to_3,1.0,3.0,0.055052138864994,0.0156092578545212,0.0172285828739404,0.4920169711112976,0.480024516582489,,20260826,mechanistic_misspecification,1.0,0.0,True,measured_from_predictions,0.0,1.0
3_to_7,3.0,7.0,0.1117183491587638,0.0332440324127674,0.0380523949861526,0.5331469178199768,0.5231457948684692,,20260826,mechanistic_misspecification,1.0,0.0,True,measured_from_predictions,0.0,1.0
7_to_14,7.0,14.0,0.2008104026317596,0.0576939843595027,0.0593438670039176,0.4594466388225555,0.4490076601505279,,20260826,mechanistic_misspecification,1.0,0.0,True,measured_from_predictions,0.0,1.0
14_to_28,14.0,28.0,0.0875727087259292,0.0104415481910109,0.022873556241393,0.5313793420791626,0.5320820808410645,,20260826,mechanistic_misspecification,1.0,0.0,True,measured_from_predictions,0.0,1.0
0_to_0.25,0.0,0.25,0.1153609603643417,0.0311411954462528,0.0395343862473964,0.3322502076625824,0.3231834471225738,,20260827,mechanistic_misspecification,1.0,0.0,True,measured_from_predictions,0.0,1.0
0.25_to_0.5,0.25,0.5,0.0738781839609146,0.0234852880239486,0.0293257609009742,0.5020740032196045,0.5005771517753601,,20260827,mechanistic_misspecification,1.0,0.0,True,measured_from_predictions,0.0,1.0
0.5_to_1,0.5,1.0,0.020186448469758,0.0056393090635538,0.0054105739109218,0.574093759059906,0.5778266787528992,,20260827,mechanistic_misspecification,1.0,0.0,True,measured_from_predictions,0.0,1.0
1_to_3,1.0,3.0,0.1377702057361602,0.0458916798233985,0.0434606224298477,0.4444414377212524,0.4323748350143432,,20260827,mechanistic_misspecification,1.0,0.0,True,measured_from_predictions,0.0,1.0
3_to_7,3.0,7.0,0.0148086687549948,0.0024036397226154,0.005563682410866,0.5497735738754272,0.5485851764678955,,20260827,mechanistic_misspecification,1.0,0.0,True,measured_from_predictions,0.0,1.0
7_to_14,7.0,14.0,0.0169772207736969,0.0013562374515458,0.0041065705008804,0.7484971880912781,0.7608287930488586,,20260827,mechanistic_misspecification,1.0,0.0,True,measured_from_predictions,0.0,1.0
14_to_28,14.0,28.0,0.0682847648859024,0.0153381191194057,0.0195670798420906,0.5780174136161804,0.5562174916267395,,20260827,mechanistic_misspecification,1.0,0.0,True,measured_from_predictions,0.0,1.0
0_to_0.25,0.0,0.25,0.0636234506964683,0.015850456431508,0.0229284260421991,0.2587959468364715,0.2474349737167358,,20260828,mechanistic_misspecification,1.0,0.0,True,measured_from_predictions,0.0,1.0
0.25_to_0.5,0.25,0.5,0.0316923111677169,0.0089235007762908,0.0088142147287726,0.4124895632266998,0.4083229005336761,,20260828,mechanistic_misspecification,1.0,0.0,True,measured_from_predictions,0.0,1.0
0.5_to_1,0.5,1.0,0.0143583584576845,0.003577577183023,0.0048976154066622,0.4806590676307678,0.4723615646362304,,20260828,mechanistic_misspecification,1.0,0.0,True,measured_from_predictions,0.0,1.0
1_to_3,1.0,3.0,0.0647199302911758,0.0189844258129596,0.0203642193228006,0.4486131370067596,0.4351928830146789,,20260828,mechanistic_misspecification,1.0,0.0,True,measured_from_predictions,0.0,1.0
3_to_7,3.0,7.0,0.1124962270259857,0.0324736274778842,0.0370281748473644,0.5653053522109985,0.5625889897346497,,20260828,mechanistic_misspecification,1.0,0.0,True,measured_from_predictions,0.0,1.0
7_to_14,7.0,14.0,0.0584252066910266,0.0145683465525507,0.0154374875128269,0.599535346031189,0.5939164161682129,,20260828,mechanistic_misspecification,1.0,0.0,True,measured_from_predictions,0.0,1.0
14_to_28,14.0,28.0,0.0340108945965766,0.0039191516116261,0.008080905303359,0.5029749870300293,0.493439108133316,,20260828,mechanistic_misspecification,1.0,0.0,True,measured_from_predictions,0.0,1.0
0_to_0.25,0.0,0.25,0.0614962130784988,0.0149704627692699,0.0209994688630104,0.3462336361408233,0.3391004204750061,,20260829,mechanistic_misspecification,1.0,0.0,True,measured_from_predictions,0.0,1.0
0.25_to_0.5,0.25,0.5,0.0306922905147075,0.0086754607036709,0.0093511920422315,0.5142487287521362,0.5133741497993469,,20260829,mechanistic_misspecification,1.0,0.0,True,measured_from_predictions,0.0,1.0
0.5_to_1,0.5,1.0,0.0175066851079463,0.004366710782051,0.0041642845608294,0.5686951875686646,0.5669583678245544,,20260829,mechanistic_misspecification,1.0,0.0,True,measured_from_predictions,0.0,1.0
1_to_3,1.0,3.0,0.0668043196201324,0.0196857675909996,0.0192148350179195,0.5006256103515625,0.4896145164966583,,20260829,mechanistic_misspecification,1.0,0.0,True,measured_from_predictions,0.0,1.0
3_to_7,3.0,7.0,0.0338301509618759,0.0075205159373581,0.0130639066919684,0.5802276730537415,0.5779334306716919,,20260829,mechanistic_misspecification,1.0,0.0,True,measured_from_predictions,0.0,1.0
7_to_14,7.0,14.0,0.0198726169764995,0.0020950797479599,0.0043501304462552,0.6503721475601196,0.6525945663452148,,20260829,mechanistic_misspecification,1.0,0.0,True,measured_from_predictions,0.0,1.0
14_to_28,14.0,28.0,0.0429556109011173,0.0048250816762447,0.0118953082710504,0.5017139911651611,0.4876913726329803,,20260829,mechanistic_misspecification,1.0,0.0,True,measured_from_predictions,0.0,1.0
0_to_0.25,0.0,0.25,0.0642978847026825,0.0160743370652198,0.0153072131797671,0.2576871216297149,0.2509379684925079,,20260825,residual_penalty_zero,1.0,0.0,True,measured_from_predictions,0.0,1.0
0.25_to_0.5,0.25,0.5,0.032152272760868,0.0090534230694174,0.0093211093917489,0.4067115187644958,0.4030768573284149,,20260825,residual_penalty_zero,1.0,0.0,True,measured_from_predictions,0.0,1.0
0.5_to_1,0.5,1.0,0.0150672420859336,0.0040751048363745,0.0046923770569264,0.4654214382171631,0.4605827033519745,,20260825,residual_penalty_zero,1.0,0.0,True,measured_from_predictions,0.0,1.0
1_to_3,1.0,3.0,0.043382953852415,0.0116857392713427,0.0131148649379611,0.4112205803394317,0.3990065157413482,,20260825,residual_penalty_zero,1.0,0.0,True,measured_from_predictions,0.0,1.0
3_to_7,3.0,7.0,0.0734611302614212,0.0201990082859992,0.0183086059987545,0.4994972944259643,0.489506721496582,,20260825,residual_penalty_zero,1.0,0.0,True,measured_from_predictions,0.0,1.0
7_to_14,7.0,14.0,0.1475804150104522,0.0396744944155216,0.0431992784142494,0.566784143447876,0.5641075372695923,,20260825,residual_penalty_zero,1.0,0.0,True,measured_from_predictions,0.0,1.0
14_to_28,14.0,28.0,0.0311300791800022,0.0032955748029053,0.0101847508922219,0.5048511028289795,0.4949916005134582,,20260825,residual_penalty_zero,1.0,0.0,True,measured_from_predictions,0.0,1.0
0_to_0.25,0.0,0.25,0.1180893331766128,0.0320682078599929,0.034115120768547,0.2780412137508392,0.2623517513275146,,20260826,residual_penalty_zero,1.0,0.0,True,measured_from_predictions,0.0,1.0
0.25_to_0.5,0.25,0.5,0.0492355898022651,0.0151760643348097,0.0155246332287788,0.4439117908477783,0.4367751479148865,,20260826,residual_penalty_zero,1.0,0.0,True,measured_from_predictions,0.0,1.0
0.5_to_1,0.5,1.0,0.0284203737974166,0.0086513878777623,0.0102341994643211,0.5308900475502014,0.5281871557235718,,20260826,residual_penalty_zero,1.0,0.0,True,measured_from_predictions,0.0,1.0
1_to_3,1.0,3.0,0.0334278047084808,0.0091124335303902,0.0111987311393022,0.4657876193523407,0.4494183957576751,,20260826,residual_penalty_zero,1.0,0.0,True,measured_from_predictions,0.0,1.0
3_to_7,3.0,7.0,0.0704217627644538,0.0192643385380506,0.0222211610525846,0.5170789361000061,0.5081886053085327,,20260826,residual_penalty_zero,1.0,0.0,True,measured_from_predictions,0.0,1.0
7_to_14,7.0,14.0,0.1527753472328186,0.0443307645618915,0.0492509976029396,0.5681070685386658,0.563967764377594,,20260826,residual_penalty_zero,1.0,0.0,True,measured_from_predictions,0.0,1.0
14_to_28,14.0,28.0,0.0200252421200275,0.0027445692103356,0.005513958632946,0.5121440887451172,0.4968919456005096,,20260826,residual_penalty_zero,1.0,0.0,True,measured_from_predictions,0.0,1.0
0_to_0.25,0.0,0.25,0.1188536137342453,0.0322564579546451,0.0408696308732032,0.3099866807460785,0.2975585460662842,,20260827,residual_penalty_zero,1.0,0.0,True,measured_from_predictions,0.0,1.0
0.25_to_0.5,0.25,0.5,0.0720254778861999,0.0227739065885543,0.0285302270203828,0.4774764776229858,0.4746228456497192,,20260827,residual_penalty_zero,1.0,0.0,True,measured_from_predictions,0.0,1.0
0.5_to_1,0.5,1.0,0.0225502699613571,0.006463679485023,0.0061424458399415,0.5536385774612427,0.5541330575942993,,20260827,residual_penalty_zero,1.0,0.0,True,measured_from_predictions,0.0,1.0
1_to_3,1.0,3.0,0.1167880073189735,0.0383818633854389,0.0368437319993972,0.434167742729187,0.4180570840835571,,20260827,residual_penalty_zero,1.0,0.0,True,measured_from_predictions,0.0,1.0
3_to_7,3.0,7.0,0.0155402738600969,0.0031728302128612,0.0056086373515427,0.5747337937355042,0.5769705176353455,,20260827,residual_penalty_zero,1.0,0.0,True,measured_from_predictions,0.0,1.0
7_to_14,7.0,14.0,0.0264925193041563,0.0028138211928308,0.0062846592627465,0.7675307989120483,0.7857688069343567,,20260827,residual_penalty_zero,1.0,0.0,True,measured_from_predictions,0.0,1.0
14_to_28,14.0,28.0,0.0650704205036163,0.0141887683421373,0.0182582587003707,0.572195827960968,0.5494763255119324,,20260827,residual_penalty_zero,1.0,0.0,True,measured_from_predictions,0.0,1.0
0_to_0.25,0.0,0.25,0.0683478638529777,0.0171445254236459,0.0248299371451139,0.303709328174591,0.296585202217102,,20260828,residual_penalty_zero,1.0,0.0,True,measured_from_predictions,0.0,1.0
0.25_to_0.5,0.25,0.5,0.03432048112154,0.0096293305978178,0.0096122594550251,0.4670501947402954,0.4642548859119415,,20260828,residual_penalty_zero,1.0,0.0,True,measured_from_predictions,0.0,1.0
0.5_to_1,0.5,1.0,0.0176888555288314,0.0045901485718786,0.0060466350987553,0.537713885307312,0.535832405090332,,20260828,residual_penalty_zero,1.0,0.0,True,measured_from_predictions,0.0,1.0
1_to_3,1.0,3.0,0.0386712551116943,0.0104281697422266,0.0118779316544532,0.5257271528244019,0.5128437280654907,,20260828,residual_penalty_zero,1.0,0.0,True,measured_from_predictions,0.0,1.0
3_to_7,3.0,7.0,0.1684405356645584,0.0518558509647846,0.0556776113808155,0.6225568652153015,0.620646595954895,,20260828,residual_penalty_zero,1.0,0.0,True,measured_from_predictions,0.0,1.0
7_to_14,7.0,14.0,0.0997452512383461,0.0276787597686052,0.0297882854938507,0.5266976952552795,0.5202231407165527,,20260828,residual_penalty_zero,1.0,0.0,True,measured_from_predictions,0.0,1.0
14_to_28,14.0,28.0,0.0460442304611206,0.004609867464751,0.0110607976093888,0.4956703782081604,0.4949599206447601,,20260828,residual_penalty_zero,1.0,0.0,True,measured_from_predictions,0.0,1.0
0_to_0.25,0.0,0.25,0.0623436160385608,0.0153005141764879,0.0215578768402338,0.3042681515216827,0.2963670194149017,,20260829,residual_penalty_zero,1.0,0.0,True,measured_from_predictions,0.0,1.0
0.25_to_0.5,0.25,0.5,0.0328629091382026,0.0093186991289258,0.0100500416010618,0.4664511084556579,0.4648202657699585,,20260829,residual_penalty_zero,1.0,0.0,True,measured_from_predictions,0.0,1.0
0.5_to_1,0.5,1.0,0.0135353691875934,0.0032952507026493,0.0032877391204237,0.5243054628372192,0.5191534757614136,,20260829,residual_penalty_zero,1.0,0.0,True,measured_from_predictions,0.0,1.0
1_to_3,1.0,3.0,0.0576119311153888,0.0172325372695922,0.0182382464408874,0.4340717792510986,0.4222649931907654,,20260829,residual_penalty_zero,1.0,0.0,True,measured_from_predictions,0.0,1.0
3_to_7,3.0,7.0,0.0110103674232959,0.0018851762870326,0.0041976431384682,0.5364595055580139,0.5328356027603149,,20260829,residual_penalty_zero,1.0,0.0,True,measured_from_predictions,0.0,1.0
7_to_14,7.0,14.0,0.019072949886322,0.0027521739248186,0.0048374296166002,0.7059982419013977,0.7101135849952698,,20260829,residual_penalty_zero,1.0,0.0,True,measured_from_predictions,0.0,1.0
14_to_28,14.0,28.0,0.0275701247155666,0.0039707589894533,0.0081356391310691,0.5082210302352905,0.4952891767024994,,20260829,residual_penalty_zero,1.0,0.0,True,measured_from_predictions,0.0,1.0
0_to_0.25,0.0,0.25,0.064436949789524,0.0161187294870615,0.0153400413691997,0.2491416037082672,0.2425346672534942,,20260825,residual_penalty_low,1.0,0.0,True,measured_from_predictions,0.0,1.0
0.25_to_0.5,0.25,0.5,0.0320332571864128,0.0090154744684696,0.0092930560931563,0.3960642218589782,0.3924136161804199,,20260825,residual_penalty_low,1.0,0.0,True,measured_from_predictions,0.0,1.0
0.5_to_1,0.5,1.0,0.0155937504023313,0.0042347745038568,0.0048699043691158,0.4552928209304809,0.4501268863677978,,20260825,residual_penalty_low,1.0,0.0,True,measured_from_predictions,0.0,1.0
1_to_3,1.0,3.0,0.0430031195282936,0.0115490658208727,0.0132989073172211,0.4082182645797729,0.3956424295902252,,20260825,residual_penalty_low,1.0,0.0,True,measured_from_predictions,0.0,1.0
3_to_7,3.0,7.0,0.0761096030473709,0.0214095208793878,0.0187530629336833,0.5148547291755676,0.5045664310455322,,20260825,residual_penalty_low,1.0,0.0,True,measured_from_predictions,0.0,1.0
7_to_14,7.0,14.0,0.133562296628952,0.0350662730634212,0.0388203188776969,0.5826089382171631,0.5807304382324219,,20260825,residual_penalty_low,1.0,0.0,True,measured_from_predictions,0.0,1.0
14_to_28,14.0,28.0,0.029445044696331,0.0030805100686848,0.010430752299726,0.5116994976997375,0.502339243888855,,20260825,residual_penalty_low,1.0,0.0,True,measured_from_predictions,0.0,1.0
0_to_0.25,0.0,0.25,0.1183209344744682,0.0321427062153816,0.0341890826821327,0.2742791473865509,0.2593555748462677,,20260826,residual_penalty_low,1.0,0.0,True,measured_from_predictions,0.0,1.0
0.25_to_0.5,0.25,0.5,0.0491686910390853,0.0151528213173151,0.0154997576028108,0.4383101165294647,0.4314062297344208,,20260826,residual_penalty_low,1.0,0.0,True,measured_from_predictions,0.0,1.0
0.5_to_1,0.5,1.0,0.0285574737936258,0.0086959199979901,0.0102521199733018,0.5247222781181335,0.5211413502693176,,20260826,residual_penalty_low,1.0,0.0,True,measured_from_predictions,0.0,1.0
1_to_3,1.0,3.0,0.033668965101242,0.0091674327850341,0.0112487934529781,0.462210088968277,0.4457135498523712,,20260826,residual_penalty_low,1.0,0.0,True,measured_from_predictions,0.0,1.0
3_to_7,3.0,7.0,0.0738381594419479,0.020287936553359,0.0233960039913654,0.5208519101142883,0.51181560754776,,20260826,residual_penalty_low,1.0,0.0,True,measured_from_predictions,0.0,1.0
7_to_14,7.0,14.0,0.1500184834003448,0.042505245655775,0.0496875382959842,0.5771676301956177,0.5732674598693848,,20260826,residual_penalty_low,1.0,0.0,True,measured_from_predictions,0.0,1.0
14_to_28,14.0,28.0,0.0184538885951042,0.0021209204569458,0.0048629282973706,0.5274701118469238,0.5113179683685303,,20260826,residual_penalty_low,1.0,0.0,True,measured_from_predictions,0.0,1.0
0_to_0.25,0.0,0.25,0.116164706647396,0.0314018502831459,0.0398850254714489,0.3240527510643005,0.3152469992637634,,20260827,residual_penalty_low,1.0,0.0,True,measured_from_predictions,0.0,1.0
0.25_to_0.5,0.25,0.5,0.0726782828569412,0.0230590775609016,0.0287615470588207,0.4922426342964172,0.4901399910449981,,20260827,residual_penalty_low,1.0,0.0,True,measured_from_predictions,0.0,1.0
0.5_to_1,0.5,1.0,0.0209327172487974,0.0058983149938285,0.0056476010940968,0.5559934973716736,0.5584019422531128,,20260827,residual_penalty_low,1.0,0.0,True,measured_from_predictions,0.0,1.0
1_to_3,1.0,3.0,0.1359904110431671,0.0455646403133869,0.0430399365723133,0.4141601920127868,0.3990723490715027,,20260827,residual_penalty_low,1.0,0.0,True,measured_from_predictions,0.0,1.0
3_to_7,3.0,7.0,0.0219461433589458,0.0045937891118228,0.0082851033657789,0.5601696968078613,0.5575128793716431,,20260827,residual_penalty_low,1.0,0.0,True,measured_from_predictions,0.0,1.0
7_to_14,7.0,14.0,0.0197284370660781,0.001365099218674,0.0041211508214473,0.7563045620918274,0.7710549831390381,,20260827,residual_penalty_low,1.0,0.0,True,measured_from_predictions,0.0,1.0
14_to_28,14.0,28.0,0.1447862237691879,0.0366293266415596,0.0451645404100418,0.6789672374725342,0.6700670719146729,,20260827,residual_penalty_low,1.0,0.0,True,measured_from_predictions,0.0,1.0
0_to_0.25,0.0,0.25,0.0685089752078056,0.0172132514417171,0.0248213484883308,0.2912583351135254,0.2843286097049713,,20260828,residual_penalty_low,1.0,0.0,True,measured_from_predictions,0.0,1.0
0.25_to_0.5,0.25,0.5,0.0337466150522232,0.0094610247761011,0.0094393072649836,0.4520881175994873,0.4491025805473327,,20260828,residual_penalty_low,1.0,0.0,True,measured_from_predictions,0.0,1.0
0.5_to_1,0.5,1.0,0.0182043425738811,0.0047402149066329,0.0062451222911477,0.5219994187355042,0.5198047161102295,,20260828,residual_penalty_low,1.0,0.0,True,measured_from_predictions,0.0,1.0
1_to_3,1.0,3.0,0.0388697236776351,0.0105048203840851,0.0121629126369953,0.5105609893798828,0.4959543943405151,,20260828,residual_penalty_low,1.0,0.0,True,measured_from_predictions,0.0,1.0
3_to_7,3.0,7.0,0.1614662408828735,0.0500897243618965,0.0539877712726593,0.6087560057640076,0.6048492789268494,,20260828,residual_penalty_low,1.0,0.0,True,measured_from_predictions,0.0,1.0
7_to_14,7.0,14.0,0.1239000484347343,0.0352755598723888,0.0369306355714798,0.5035404562950134,0.4959726631641388,,20260828,residual_penalty_low,1.0,0.0,True,measured_from_predictions,0.0,1.0
14_to_28,14.0,28.0,0.047925092279911,0.0047067254781723,0.0108543811365962,0.488896906375885,0.4900785088539123,,20260828,residual_penalty_low,1.0,0.0,True,measured_from_predictions,0.0,1.0
0_to_0.25,0.0,0.25,0.0625642389059066,0.0152786709368228,0.0213882979005575,0.3306373059749603,0.3236023187637329,,20260829,residual_penalty_low,1.0,0.0,True,measured_from_predictions,0.0,1.0
0.25_to_0.5,0.25,0.5,0.0305288452655076,0.0086157144978642,0.009225289337337,0.49659064412117,0.4957077503204345,,20260829,residual_penalty_low,1.0,0.0,True,measured_from_predictions,0.0,1.0
0.5_to_1,0.5,1.0,0.0177416447550058,0.0044340519234538,0.0042568850331008,0.5479596257209778,0.5457459688186646,,20260829,residual_penalty_low,1.0,0.0,True,measured_from_predictions,0.0,1.0
1_to_3,1.0,3.0,0.0603696070611476,0.0176374912261962,0.0169554855674505,0.4832313656806946,0.4713523983955383,,20260829,residual_penalty_low,1.0,0.0,True,measured_from_predictions,0.0,1.0
3_to_7,3.0,7.0,0.0355854704976081,0.0081502702087163,0.0135539229959249,0.5931943655014038,0.5914011597633362,,20260829,residual_penalty_low,1.0,0.0,True,measured_from_predictions,0.0,1.0
7_to_14,7.0,14.0,0.0227906517684459,0.0024394616484642,0.0050260899588465,0.6541563272476196,0.6595961451530457,,20260829,residual_penalty_low,1.0,0.0,True,measured_from_predictions,0.0,1.0
14_to_28,14.0,28.0,0.0434077121317386,0.0049972841516137,0.0126166595146059,0.489728569984436,0.4784510731697082,,20260829,residual_penalty_low,1.0,0.0,True,measured_from_predictions,0.0,1.0
0_to_0.25,0.0,0.25,0.063418760895729,0.015788547694683,0.0150544727221131,0.2541612088680267,0.2476891875267028,,20260825,residual_penalty_high,1.0,0.0,True,measured_from_predictions,0.0,1.0
0.25_to_0.5,0.25,0.5,0.0318376198410987,0.008974814787507,0.0092850504443049,0.4013574123382568,0.3975860178470611,,20260825,residual_penalty_high,1.0,0.0,True,measured_from_predictions,0.0,1.0
0.5_to_1,0.5,1.0,0.0150023559108376,0.0040112221613526,0.0046836175024509,0.4579216539859772,0.4523979127407074,,20260825,residual_penalty_high,1.0,0.0,True,measured_from_predictions,0.0,1.0
1_to_3,1.0,3.0,0.0466598123311996,0.0128177218139171,0.0136107383295893,0.3968521058559418,0.3843162059783935,,20260825,residual_penalty_high,1.0,0.0,True,measured_from_predictions,0.0,1.0
3_to_7,3.0,7.0,0.0658384189009666,0.0177698694169521,0.0163844600319862,0.4953464865684509,0.4862398505210876,,20260825,residual_penalty_high,1.0,0.0,True,measured_from_predictions,0.0,1.0
7_to_14,7.0,14.0,0.1401613652706146,0.0369650498032569,0.0406422354280948,0.5847470164299011,0.5835841298103333,,20260825,residual_penalty_high,1.0,0.0,True,measured_from_predictions,0.0,1.0
14_to_28,14.0,28.0,0.0307421870529651,0.0033450811170041,0.0102775413542985,0.5085907578468323,0.4968296587467193,,20260825,residual_penalty_high,1.0,0.0,True,measured_from_predictions,0.0,1.0
0_to_0.25,0.0,0.25,0.1190190017223358,0.0323298685252666,0.0342382155358791,0.2619339227676391,0.2542565464973449,,20260826,residual_penalty_high,1.0,0.0,True,measured_from_predictions,0.0,1.0
0.25_to_0.5,0.25,0.5,0.0487277433276176,0.0149835431948304,0.0154003221541643,0.4221871197223663,0.4200710952281952,,20260826,residual_penalty_high,1.0,0.0,True,measured_from_predictions,0.0,1.0
0.5_to_1,0.5,1.0,0.031430572271347,0.0095843281596899,0.0112616950646042,0.5044881105422974,0.5039439797401428,,20260826,residual_penalty_high,1.0,0.0,True,measured_from_predictions,0.0,1.0
1_to_3,1.0,3.0,0.0334462970495224,0.008833416737616,0.0105329351499676,0.4563624560832977,0.4434918761253357,,20260826,residual_penalty_high,1.0,0.0,True,measured_from_predictions,0.0,1.0
3_to_7,3.0,7.0,0.0920516848564148,0.0258145630359649,0.0298492424190044,0.5088757872581482,0.4962698817253113,,20260826,residual_penalty_high,1.0,0.0,True,measured_from_predictions,0.0,1.0
7_to_14,7.0,14.0,0.1965106129646301,0.057481687515974,0.062819018959999,0.499218225479126,0.4919246733188629,,20260826,residual_penalty_high,1.0,0.0,True,measured_from_predictions,0.0,1.0
14_to_28,14.0,28.0,0.035557821393013,0.0035184279549866,0.0089808460325002,0.5153745412826538,0.5066425204277039,,20260826,residual_penalty_high,1.0,0.0,True,measured_from_predictions,0.0,1.0
0_to_0.25,0.0,0.25,0.1161382049322128,0.0313902646303176,0.0398685559630394,0.3212645649909973,0.3123863935470581,,20260827,residual_penalty_high,1.0,0.0,True,measured_from_predictions,0.0,1.0
0.25_to_0.5,0.25,0.5,0.0727462619543075,0.0230838041752576,0.0287999045103788,0.4888927340507507,0.4868056774139404,,20260827,residual_penalty_high,1.0,0.0,True,measured_from_predictions,0.0,1.0
0.5_to_1,0.5,1.0,0.0210354831069707,0.0059250816702842,0.0056700929999351,0.5525779724121094,0.5545172691345215,,20260827,residual_penalty_high,1.0,0.0,True,measured_from_predictions,0.0,1.0
1_to_3,1.0,3.0,0.1364107877016067,0.0457056313753128,0.0432029440999031,0.4084687829017639,0.3926818966865539,,20260827,residual_penalty_high,1.0,0.0,True,measured_from_predictions,0.0,1.0
3_to_7,3.0,7.0,0.0194093566387891,0.0038676974363625,0.0072999373078346,0.5533593893051147,0.5507012605667114,,20260827,residual_penalty_high,1.0,0.0,True,measured_from_predictions,0.0,1.0
7_to_14,7.0,14.0,0.015822023153305,0.0009303634287789,0.00346788065508,0.7448570728302002,0.7579381465911865,,20260827,residual_penalty_high,1.0,0.0,True,measured_from_predictions,0.0,1.0
14_to_28,14.0,28.0,0.1335591375827789,0.0336205326020717,0.0421746857464313,0.67030930519104,0.65950608253479,,20260827,residual_penalty_high,1.0,0.0,True,measured_from_predictions,0.0,1.0
0_to_0.25,0.0,0.25,0.0636046007275581,0.0158330891281366,0.022904947400093,0.2526012659072876,0.2419480234384536,,20260828,residual_penalty_high,1.0,0.0,True,measured_from_predictions,0.0,1.0
0.25_to_0.5,0.25,0.5,0.0321273282170295,0.0090560177341103,0.0089268656447529,0.4048604965209961,0.4015858173370361,,20260828,residual_penalty_high,1.0,0.0,True,measured_from_predictions,0.0,1.0
0.5_to_1,0.5,1.0,0.0139723820611834,0.003470140043646,0.0047769350931048,0.4711687266826629,0.4631638526916504,,20260828,residual_penalty_high,1.0,0.0,True,measured_from_predictions,0.0,1.0
1_to_3,1.0,3.0,0.0665369480848312,0.0196087826043367,0.0206981543451547,0.4403145313262939,0.4260116815567016,,20260828,residual_penalty_high,1.0,0.0,True,measured_from_predictions,0.0,1.0
3_to_7,3.0,7.0,0.1081634536385536,0.0309653095901012,0.0354937762022018,0.5694727301597595,0.5672666430473328,,20260828,residual_penalty_high,1.0,0.0,True,measured_from_predictions,0.0,1.0
7_to_14,7.0,14.0,0.0508014820516109,0.0126650622114539,0.0145096629858016,0.6156492233276367,0.6141931414604187,,20260828,residual_penalty_high,1.0,0.0,True,measured_from_predictions,0.0,1.0
14_to_28,14.0,28.0,0.0438485294580459,0.0057731643319129,0.0101907979696989,0.4923815429210663,0.4852341115474701,,20260828,residual_penalty_high,1.0,0.0,True,measured_from_predictions,0.0,1.0
0_to_0.25,0.0,0.25,0.0624596625566482,0.0153350736945867,0.0215976275503635,0.3040642440319061,0.2958063781261444,,20260829,residual_penalty_high,1.0,0.0,True,measured_from_predictions,0.0,1.0
0.25_to_0.5,0.25,0.5,0.0329159051179885,0.0093339513987302,0.0100660640746355,0.4663146436214447,0.4643813073635101,,20260829,residual_penalty_high,1.0,0.0,True,measured_from_predictions,0.0,1.0
0.5_to_1,0.5,1.0,0.0134631348773837,0.003276175353676,0.0032762102782726,0.5249856114387512,0.5199078321456909,,20260829,residual_penalty_high,1.0,0.0,True,measured_from_predictions,0.0,1.0
1_to_3,1.0,3.0,0.0570358894765377,0.01706113666296,0.0180845484137535,0.4365246295928955,0.4247607588768005,,20260829,residual_penalty_high,1.0,0.0,True,measured_from_predictions,0.0,1.0
3_to_7,3.0,7.0,0.0111301774159073,0.0019227052107453,0.0042410474270582,0.5314499139785767,0.5274606347084045,,20260829,residual_penalty_high,1.0,0.0,True,measured_from_predictions,0.0,1.0
7_to_14,7.0,14.0,0.0179642401635646,0.0025234250351786,0.0045935944654047,0.7066017389297485,0.7107806205749512,,20260829,residual_penalty_high,1.0,0.0,True,measured_from_predictions,0.0,1.0
14_to_28,14.0,28.0,0.0227628797292709,0.0028722907882183,0.0070351595059037,0.5080702900886536,0.4939593374729156,,20260829,residual_penalty_high,1.0,0.0,True,measured_from_predictions,0.0,1.0
0_to_0.25,0.0,0.25,0.0706997588276863,0.017802795395255,0.0168693270534276,0.3247159719467163,0.3197830617427826,,20260825,state_definition,1.0,0.0,True,measured_from_predictions,0.0,1.0
0.25_to_0.5,0.25,0.5,0.050540305674076,0.0136862024664878,0.0135877970606088,0.4982383549213409,0.4958857595920563,,20260825,state_definition,1.0,0.0,True,measured_from_predictions,0.0,1.0
0.5_to_1,0.5,1.0,0.022155862301588,0.0064074336551129,0.0073073962703347,0.5263781547546387,0.5190167427062988,,20260825,state_definition,1.0,0.0,True,measured_from_predictions,0.0,1.0
1_to_3,1.0,3.0,0.0463313311338424,0.0140650821849703,0.0140504855662584,0.4592911303043365,0.4449257850646972,,20260825,state_definition,1.0,0.0,True,measured_from_predictions,0.0,1.0
3_to_7,3.0,7.0,0.130393698811531,0.0498603880405426,0.0411903783679008,0.5512703657150269,0.5431965589523315,,20260825,state_definition,1.0,0.0,True,measured_from_predictions,0.0,1.0
7_to_14,7.0,14.0,0.1538792699575424,0.0494734309613704,0.0538076013326644,0.623191237449646,0.6175419688224792,,20260825,state_definition,1.0,0.0,True,measured_from_predictions,0.0,1.0
14_to_28,14.0,28.0,0.2054522186517715,0.0514782629907131,0.0477329045534133,0.6940953135490417,0.6829012036323547,,20260825,state_definition,1.0,0.0,True,measured_from_predictions,0.0,1.0
0_to_0.25,0.0,0.25,0.1456667929887771,0.0445342734456062,0.0480161905288696,0.2815629243850708,0.2720328569412231,,20260826,state_definition,1.0,0.0,True,measured_from_predictions,0.0,1.0
0.25_to_0.5,0.25,0.5,0.0680072903633117,0.0226328261196613,0.022288104519248,0.4507872462272644,0.4455905258655548,,20260826,state_definition,1.0,0.0,True,measured_from_predictions,0.0,1.0
0.5_to_1,0.5,1.0,0.0401672422885894,0.013712684623897,0.0149913504719734,0.5241826772689819,0.5226020812988281,,20260826,state_definition,1.0,0.0,True,measured_from_predictions,0.0,1.0
1_to_3,1.0,3.0,0.0307425074279308,0.0092541817575693,0.01123773958534,0.4472253322601318,0.4293413162231445,,20260826,state_definition,1.0,0.0,True,measured_from_predictions,0.0,1.0
3_to_7,3.0,7.0,0.1314108371734619,0.0486285202205181,0.0564039647579193,0.5177270770072937,0.5078545808792114,,20260826,state_definition,1.0,0.0,True,measured_from_predictions,0.0,1.0
7_to_14,7.0,14.0,0.2360888719558715,0.0854407176375389,0.089742936193943,0.5334597229957581,0.5255329608917236,,20260826,state_definition,1.0,0.0,True,measured_from_predictions,0.0,1.0
14_to_28,14.0,28.0,0.0227122455835342,0.0028963855002075,0.0058057871647179,0.5360785126686096,0.5153647065162659,,20260826,state_definition,1.0,0.0,True,measured_from_predictions,0.0,1.0
0_to_0.25,0.0,0.25,0.1388618648052215,0.039674088358879,0.0498352423310279,0.3730499446392059,0.3690112829208374,,20260827,state_definition,1.0,0.0,True,measured_from_predictions,0.0,1.0
0.25_to_0.5,0.25,0.5,0.0943372473120689,0.0314583778381347,0.039696842432022,0.5567396879196167,0.5561599135398865,,20260827,state_definition,1.0,0.0,True,measured_from_predictions,0.0,1.0
0.5_to_1,0.5,1.0,0.0321673154830932,0.0102651137858629,0.0101995272561907,0.6201443076133728,0.6248728036880493,,20260827,state_definition,1.0,0.0,True,measured_from_predictions,0.0,1.0
1_to_3,1.0,3.0,0.1747753024101257,0.0684826597571373,0.0650686621665954,0.4790655672550201,0.4670315980911255,,20260827,state_definition,1.0,0.0,True,measured_from_predictions,0.0,1.0
3_to_7,3.0,7.0,0.0210659727454185,0.0035629824269562,0.0072786258533596,0.5567418336868286,0.5519991517066956,,20260827,state_definition,1.0,0.0,True,measured_from_predictions,0.0,1.0
7_to_14,7.0,14.0,0.0488903373479843,0.0047935326583683,0.0095808682963252,0.8000791668891907,0.825995147228241,,20260827,state_definition,1.0,0.0,True,measured_from_predictions,0.0,1.0
14_to_28,14.0,28.0,0.1403342336416244,0.0443372875452041,0.0588341020047664,0.6784881353378296,0.6592031121253967,,20260827,state_definition,1.0,0.0,True,measured_from_predictions,0.0,1.0
0_to_0.25,0.0,0.25,0.0766399651765823,0.0195041466504335,0.0284132771193981,0.3221134841442108,0.3192331790924072,,20260828,state_definition,1.0,0.0,True,measured_from_predictions,0.0,1.0
0.25_to_0.5,0.25,0.5,0.0563798956573009,0.0154308946803212,0.0164812877774238,0.499117761850357,0.4989042580127716,,20260828,state_definition,1.0,0.0,True,measured_from_predictions,0.0,1.0
0.5_to_1,0.5,1.0,0.0220700278878211,0.0061009037308394,0.0079700052738189,0.5415645241737366,0.5367056727409363,,20260828,state_definition,1.0,0.0,True,measured_from_predictions,0.0,1.0
1_to_3,1.0,3.0,0.0391945801675319,0.0117751900106668,0.0122919809073209,0.5257121324539185,0.5100629329681396,,20260828,state_definition,1.0,0.0,True,measured_from_predictions,0.0,1.0
3_to_7,3.0,7.0,0.2461385130882263,0.1009009927511215,0.1060380041599273,0.6437355875968933,0.6448380351066589,,20260828,state_definition,1.0,0.0,True,measured_from_predictions,0.0,1.0
7_to_14,7.0,14.0,0.1613216996192932,0.0580259896814823,0.0666480213403701,0.5086220502853394,0.4981637597084045,,20260828,state_definition,1.0,0.0,True,measured_from_predictions,0.0,1.0
14_to_28,14.0,28.0,0.0458275526762008,0.0055034440010786,0.0107347276061773,0.4989613890647888,0.4954496026039123,,20260828,state_definition,1.0,0.0,True,measured_from_predictions,0.0,1.0
0_to_0.25,0.0,0.25,0.0681729391217231,0.0167042668908834,0.0226778574287891,0.3744141459465027,0.3728647232055664,,20260829,state_definition,1.0,0.0,True,measured_from_predictions,0.0,1.0
0.25_to_0.5,0.25,0.5,0.0489787720143795,0.0132903074845671,0.0142928250133991,0.5548860430717468,0.5563399791717529,,20260829,state_definition,1.0,0.0,True,measured_from_predictions,0.0,1.0
0.5_to_1,0.5,1.0,0.0236725267022848,0.0060244654305279,0.0061323507688939,0.5728593468666077,0.5683877468109131,,20260829,state_definition,1.0,0.0,True,measured_from_predictions,0.0,1.0
1_to_3,1.0,3.0,0.0881582051515579,0.0301006007939577,0.0287648793309927,0.4949317276477813,0.4817520081996918,,20260829,state_definition,1.0,0.0,True,measured_from_predictions,0.0,1.0
3_to_7,3.0,7.0,0.0515055172145366,0.0129537880420684,0.021954346448183,0.5959039926528931,0.5958056449890137,,20260829,state_definition,1.0,0.0,True,measured_from_predictions,0.0,1.0
7_to_14,7.0,14.0,0.048276662826538,0.0058987815864384,0.0100005026906728,0.6757022142410278,0.6860287189483643,,20260829,state_definition,1.0,0.0,True,measured_from_predictions,0.0,1.0
14_to_28,14.0,28.0,0.0595680400729179,0.0096905604004859,0.0188307892531156,0.4906866550445556,0.4833436906337738,,20260829,state_definition,1.0,0.0,True,measured_from_predictions,0.0,1.0
