patient,patient_group,cell_type_original,activation,cardiomyocyte_regeneration,fibroblast_ecm,inflammation,mature_myocardium,vascularisation
P1,myogenic,Cardiomyocyte,0.5608444,0.6163322,0.21416868,0.23088698,0.66842,0.23344211
P1,myogenic,Endothelial,0.49262726,0.342161,0.2243834,0.3118471,0.17737447,0.5987634
P1,myogenic,Fibroblast,0.5839887,0.39460257,0.53121626,0.33218604,0.18419088,0.35168704
P1,myogenic,Lymphoid,0.385753,0.28382874,0.20167388,0.32828006,0.14774323,0.26588845
P1,myogenic,Myeloid,0.4079674,0.32804734,0.21613355,0.6206732,0.21490636,0.40236717
P1,myogenic,Neuronal,0.41447273,0.2867169,0.32667503,0.282719,0.17034768,0.27175465
P1,myogenic,Pericyte,0.45263115,0.4141295,0.31873995,0.28105012,0.17273086,0.36371574
P1,myogenic,vSMCs,0.4734101,0.47029856,0.30355647,0.30213788,0.23490939,0.4246411
P10,ischemic,Cardiomyocyte,0.6376281,0.7252295,0.2180998,0.24569419,0.74371,0.22965614
P10,ischemic,Endothelial,0.55206746,0.42096734,0.25935975,0.3800581,0.2053194,0.71942854
P10,ischemic,Fibroblast,0.7154614,0.42019227,0.73585784,0.41557524,0.22300373,0.42716888
P10,ischemic,Lymphoid,0.37328362,0.3703137,0.27761397,0.3383035,0.15982264,0.34082025
P10,ischemic,Myeloid,0.48992738,0.31249294,0.25084463,0.685581,0.21512596,0.41830602
P10,ischemic,Neuronal,0.49223846,0.33853063,0.37652808,0.34263352,0.18410048,0.25846252
P10,ischemic,Pericyte,0.6015558,0.42535263,0.4030161,0.38070658,0.21920447,0.4168827
P10,ischemic,vSMCs,0.2998819,0.4331516,0.2259965,0.15497309,0.18897568,0.45168653
P11,myogenic,Cardiomyocyte,0.6177659,0.7361898,0.19536747,0.23047554,0.7395199,0.24797973
P11,myogenic,Endothelial,0.47837222,0.39262378,0.18488885,0.36599284,0.20837727,0.66728896
P11,myogenic,Fibroblast,0.6091117,0.40881243,0.66498214,0.34791133,0.18855996,0.3862275
P11,myogenic,Lymphoid,0.33647487,0.24880031,0.21400486,0.2597018,0.12670167,0.29687294
P11,myogenic,Myeloid,0.4642024,0.33218592,0.22004353,0.61639553,0.23471291,0.3764595
P11,myogenic,Neuronal,0.43917593,0.21398742,0.35384333,0.1604507,0.1608472,0.11543181
P11,myogenic,Pericyte,0.48615637,0.46151367,0.3514786,0.2924224,0.19873172,0.37868795
P11,myogenic,vSMCs,0.6592211,0.4628223,0.38799798,0.18900526,0.2539919,0.46194413
P12,myogenic,Cardiomyocyte,0.5912476,0.6846618,0.21514376,0.21527433,0.7744191,0.19873258
P12,myogenic,Endothelial,0.5593938,0.37174147,0.1851194,0.3747305,0.18188687,0.78355294
P12,myogenic,Fibroblast,0.67795825,0.41986382,0.733475,0.34077454,0.19970058,0.36966336
P12,myogenic,Lymphoid,0.45843616,0.27871346,0.23730958,0.29257947,0.118004605,0.27038273
P12,myogenic,Myeloid,0.4781199,0.3265208,0.19379796,0.7663145,0.22032517,0.3619887
P12,myogenic,Neuronal,0.57011193,0.33439794,0.34021124,0.18361606,0.14951059,0.25243232
P12,myogenic,Pericyte,0.46552527,0.46004882,0.34170276,0.27409568,0.20028333,0.32690623
P12,myogenic,vSMCs,0.47786278,0.44522482,0.28454965,0.29760602,0.18711315,0.41814092
P13,ischemic,Cardiomyocyte,0.57403433,0.6724358,0.21723323,0.2142906,0.5149123,0.22065052
P13,ischemic,Endothelial,0.56639796,0.36137787,0.25211456,0.34688437,0.19133747,0.7656411
P13,ischemic,Fibroblast,0.59822565,0.39781654,0.66440135,0.34274444,0.19682303,0.39843273
P13,ischemic,Lymphoid,0.43181315,0.35322613,0.2372937,0.2617025,0.1763456,0.25653824
P13,ischemic,Myeloid,0.5210819,0.32998323,0.2391616,0.6500414,0.22939956,0.3824903
P13,ischemic,Neuronal,0.5891778,0.3907002,0.47131714,0.25676426,0.19095269,0.2605379
P13,ischemic,Pericyte,0.53247774,0.42224982,0.38181284,0.29818952,0.20685644,0.3915434
P13,ischemic,vSMCs,0.65725124,0.47048172,0.3501013,0.33903667,0.23213585,0.46644908
P14,fibrotic,Cardiomyocyte,0.5643651,0.73478925,0.19606744,0.20606184,0.8061641,0.2044452
P14,fibrotic,Endothelial,0.49805012,0.3630659,0.1824139,0.34644306,0.1909348,0.73428726
P14,fibrotic,Fibroblast,0.54446393,0.37066403,0.6439481,0.31459793,0.18312635,0.35996646
P14,fibrotic,Lymphoid,0.43695533,0.17931248,0.22056074,0.26970643,0.16885604,0.24954571
P14,fibrotic,Myeloid,0.42063767,0.30164194,0.19449273,0.66417074,0.23862593,0.38773113
P14,fibrotic,Neuronal,0.43710014,0.38890168,0.3404319,0.27354154,0.17112097,0.23172615
P14,fibrotic,Pericyte,0.4825936,0.4428937,0.38542333,0.3050092,0.19084561,0.3782433
P14,fibrotic,vSMCs,0.5265497,0.49052972,0.3396742,0.2802828,0.24775468,0.40867648
P15,ischemic,Cardiomyocyte,0.50486785,0.5082283,0.26758742,0.30927303,0.4412256,0.28539628
P15,ischemic,Endothelial,0.501133,0.35558408,0.24224085,0.36581782,0.18264379,0.68590885
P15,ischemic,Fibroblast,0.6386566,0.42393988,0.77895415,0.34164667,0.20382875,0.40739998
P15,ischemic,Lymphoid,0.38600397,0.28641674,0.23895526,0.3016573,0.17695928,0.3058025
P15,ischemic,Myeloid,0.533748,0.30378556,0.21478575,0.7060899,0.21401368,0.39641476
P15,ischemic,Neuronal,0.36709434,0.18820485,0.56836563,0.6512463,0.088987164,0.07311463
P15,ischemic,Pericyte,0.50189865,0.38263962,0.38421798,0.3056401,0.19517541,0.33940557
P15,ischemic,vSMCs,0.62625146,0.39709008,0.46356225,0.3133928,0.27312303,0.5222496
P16,ischemic,Cardiomyocyte,0.6007508,0.42425317,0.29859513,0.24653709,0.4391881,0.2647954
P16,ischemic,Endothelial,0.3486663,0.28006303,0.22045623,0.3170025,0.1574743,0.5533252
P16,ischemic,Fibroblast,0.45080695,0.29785818,0.5847896,0.32109532,0.17371978,0.32230142
P16,ischemic,Lymphoid,0.3642673,0.2490923,0.20440297,0.2786648,0.1450587,0.24136588
P16,ischemic,Myeloid,0.43118438,0.1970038,0.23773594,0.35008264,0.1624367,0.24191867
P16,ischemic,Pericyte,0.4054173,0.35468283,0.2848704,0.18764918,0.091645174,0.2785972
P17,myogenic,Cardiomyocyte,0.6065874,0.6846432,0.21405102,0.23639804,0.79137903,0.24589197
P17,myogenic,Endothelial,0.51472646,0.35839748,0.17346767,0.35322046,0.1798569,0.7649402
P17,myogenic,Fibroblast,0.6251278,0.4439793,0.59119666,0.36683625,0.19301514,0.41717693
P17,myogenic,Lymphoid,0.35669136,0.2963301,0.16498637,0.2817977,0.13076515,0.20229696
P17,myogenic,Myeloid,0.43097818,0.35487852,0.19484466,0.75870687,0.22761856,0.40679356
P17,myogenic,Neuronal,0.50444907,0.37539867,0.36831883,0.21995142,0.1412343,0.22727871
P17,myogenic,Pericyte,0.49702156,0.46196422,0.36559445,0.287931,0.18643974,0.36973384
P17,myogenic,vSMCs,0.54782957,0.49545643,0.30099854,0.29811618,0.22201471,0.4115893
P18,fibrotic,Cardiomyocyte,0.49903068,0.65781397,0.18084882,0.18469378,0.79112816,0.18357356
P18,fibrotic,Endothelial,0.380935,0.2822391,0.15890808,0.30310005,0.14484118,0.685037
P18,fibrotic,Fibroblast,0.49538702,0.33034116,0.62455624,0.25773725,0.13952571,0.30498302
P18,fibrotic,Lymphoid,0.31983548,0.22515853,0.19456549,0.20355219,0.15119681,0.2538637
P18,fibrotic,Myeloid,0.3485726,0.26979673,0.16622691,0.5832887,0.20685047,0.3668888
P18,fibrotic,Neuronal,0.44973853,0.26220354,0.29794145,0.21575375,0.18061481,0.18203342
P18,fibrotic,Pericyte,0.38371062,0.33089542,0.2775905,0.22172508,0.15765151,0.31161213
P18,fibrotic,vSMCs,0.36323708,0.39689872,0.25011885,0.2633521,0.18027955,0.4487696
P19,fibrotic,Cardiomyocyte,0.49783525,0.61609256,0.22280261,0.24118508,0.6099522,0.25526157
P19,fibrotic,Endothelial,0.49343058,0.3869765,0.23411399,0.32230005,0.19203709,0.75986737
P19,fibrotic,Fibroblast,0.59272105,0.42189893,0.663034,0.3221946,0.20358425,0.40160146
P19,fibrotic,Lymphoid,0.37083516,0.286993,0.17212847,0.31384534,0.112264596,0.2615226
P19,fibrotic,Myeloid,0.45739946,0.31538358,0.23875596,0.697818,0.21388146,0.37012798
P19,fibrotic,Neuronal,0.5540127,0.35066617,0.43611202,0.19986096,0.18596998,0.16902195
P19,fibrotic,Pericyte,0.45877296,0.40290385,0.38360944,0.32829478,0.20556304,0.39658862
P19,fibrotic,vSMCs,0.5625772,0.5310915,0.3631431,0.3775708,0.23041353,0.528076
P2,ischemic,Cardiomyocyte,0.6215599,0.66111976,0.24453455,0.26528308,0.54599637,0.28969252
P2,ischemic,Endothelial,0.47728708,0.36906284,0.22753756,0.3217867,0.18676059,0.6021925
P2,ischemic,Fibroblast,0.60916287,0.36279637,0.6370823,0.37736645,0.19383469,0.41907778
P2,ischemic,Lymphoid,0.13391872,0.25161773,0.313427,0.1841176,0.19709502,0.18136334
P2,ischemic,Myeloid,0.40841165,0.34683174,0.20684184,0.5243466,0.21749058,0.34002542
P2,ischemic,Neuronal,0.4715496,0.38915902,0.7479305,0.37927973,0.31707022,0.20882314
P2,ischemic,Pericyte,0.47915977,0.43197796,0.38738889,0.37140232,0.18515895,0.34500122
P2,ischemic,vSMCs,0.6556444,0.47584492,0.37820548,0.33943743,0.264241,0.42666292
P2,myogenic,Cardiomyocyte,0.58821034,0.67228866,0.19808708,0.20108491,0.72857976,0.21555182
P2,myogenic,Endothelial,0.45284632,0.33112442,0.15691109,0.31637713,0.1550769,0.67755604
P2,myogenic,Fibroblast,0.58294046,0.3752418,0.65587014,0.33517423,0.17121232,0.37030554
P2,myogenic,Lymphoid,0.35093552,0.28632328,0.18663803,0.26546848,0.14374258,0.2503445
P2,myogenic,Myeloid,0.398831,0.3095174,0.18780258,0.62083256,0.21700478,0.377339
P2,myogenic,Neuronal,0.46302545,0.2800224,0.30148095,0.22247916,0.14431088,0.2250259
P2,myogenic,Pericyte,0.42553127,0.43981236,0.3066706,0.2639047,0.17705403,0.35012746
P2,myogenic,vSMCs,0.47055474,0.45802724,0.23822004,0.27697778,0.23213759,0.38174257
P20,fibrotic,Cardiomyocyte,0.5347562,0.7469937,0.19661348,0.23159544,0.705771,0.2213821
P20,fibrotic,Endothelial,0.4987423,0.3597618,0.25500238,0.33977455,0.18307336,0.6487515
P20,fibrotic,Fibroblast,0.58165395,0.3601873,0.6014739,0.32266417,0.19533598,0.3780631
P20,fibrotic,Lymphoid,0.39434743,0.2598075,0.26359206,0.27921313,0.15289618,0.24629293
P20,fibrotic,Myeloid,0.42716208,0.30489415,0.2613341,0.62326217,0.21670137,0.3902349
P20,fibrotic,Neuronal,0.4743158,0.3317566,0.35550913,0.27148235,0.14063273,0.2497199
P20,fibrotic,Pericyte,0.46883842,0.39021227,0.32496315,0.27606145,0.21428928,0.35444513
P20,fibrotic,vSMCs,0.6197905,0.4976511,0.34851626,0.30048832,0.26262125,0.37907046
P3,ischemic,Cardiomyocyte,0.6153206,0.67012364,0.21385843,0.24259071,0.56313026,0.24371858
P3,ischemic,Endothelial,0.4259796,0.36189044,0.27365878,0.31855482,0.18232486,0.57285905
P3,ischemic,Fibroblast,0.6024478,0.38399377,0.59677076,0.3679666,0.20231196,0.3698848
P3,ischemic,Lymphoid,0.38992056,0.3794624,0.27166086,0.2663774,0.17243002,0.24267827
P3,ischemic,Myeloid,0.42994896,0.2814332,0.32381842,0.41271594,0.20778465,0.34294605
P3,ischemic,Neuronal,0.59523576,0.24941511,0.29914615,0.29703733,0.17523648,0.23279358
P3,ischemic,Pericyte,0.46061087,0.35627717,0.31711966,0.27493593,0.20309235,0.25183243
P3,ischemic,vSMCs,0.61000186,0.51791924,0.42400753,0.3128319,0.24574429,0.4411535
P3,myogenic,Cardiomyocyte,0.65140665,0.72771096,0.20035858,0.23190689,0.63834524,0.24940798
P3,myogenic,Endothelial,0.5174381,0.38005134,0.20404679,0.34158674,0.19860537,0.67733353
P3,myogenic,Fibroblast,0.6305286,0.40878525,0.6969515,0.36395133,0.19391906,0.39670682
P3,myogenic,Lymphoid,0.367971,0.25250784,0.18278432,0.26065004,0.15103285,0.25429836
P3,myogenic,Myeloid,0.44196776,0.29465225,0.22330037,0.6854572,0.21705242,0.41424072
P3,myogenic,Neuronal,0.496695,0.3785148,0.3982067,0.28510332,0.17919321,0.18707065
P3,myogenic,Pericyte,0.47859314,0.47172594,0.36432856,0.28643867,0.16810551,0.36087987
P3,myogenic,vSMCs,0.62399226,0.59033173,0.34088358,0.35381725,0.24457248,0.4380322
P4,fibrotic,Cardiomyocyte,0.40729102,0.33797386,0.28900295,0.300952,0.25960284,0.30625185
P4,fibrotic,Endothelial,0.4011605,0.29218754,0.21878381,0.28671864,0.14321241,0.4778129
P4,fibrotic,Fibroblast,0.4555961,0.30610013,0.46134588,0.29919413,0.16664585,0.34674928
P4,fibrotic,Lymphoid,0.3710145,0.2420985,0.20859386,0.2234551,0.15681197,0.24912216
P4,fibrotic,Myeloid,0.42250046,0.24555035,0.30492315,0.3604904,0.16932443,0.3209005
P4,fibrotic,Neuronal,0.32970545,0.278667,0.37410203,0.20381393,0.14598058,0.24702296
P4,fibrotic,Pericyte,0.36336777,0.2816445,0.2804108,0.24949041,0.16397007,0.33579284
P4,fibrotic,vSMCs,0.48119769,0.34598735,0.29862517,0.284053,0.15747207,0.32910973
P5,myogenic,Cardiomyocyte,0.5466449,0.67256534,0.20688371,0.21718735,0.77124465,0.19367169
P5,myogenic,Endothelial,0.4859755,0.3537839,0.19677886,0.3391824,0.16913122,0.7100203
P5,myogenic,Fibroblast,0.5863174,0.41493794,0.65373474,0.30989128,0.16410609,0.3534612
P5,myogenic,Lymphoid,0.4719172,0.36484534,0.28532583,0.31945032,0.18907835,0.3207602
P5,myogenic,Myeloid,0.37658685,0.3204996,0.22948277,0.611433,0.2300268,0.3731905
P5,myogenic,Neuronal,0.4961194,0.34073672,0.36944172,0.24429555,0.16980778,0.19905551
P5,myogenic,Pericyte,0.44070393,0.4396711,0.31736946,0.24438983,0.15888667,0.3734268
P5,myogenic,vSMCs,0.54872704,0.474538,0.30657047,0.23023479,0.21351425,0.3182329
P6,myogenic,Cardiomyocyte,0.6023842,0.7407151,0.17819144,0.22069867,0.78851455,0.2090713
P6,myogenic,Endothelial,0.5298897,0.39185506,0.14093742,0.3745779,0.17065293,0.83274865
P6,myogenic,Fibroblast,0.66201264,0.42698732,0.7811761,0.39166716,0.16215529,0.4331315
P6,myogenic,Lymphoid,0.42672297,0.2835219,0.11968865,0.2545154,0.1326174,0.26696748
P6,myogenic,Myeloid,0.43092045,0.36412823,0.18194924,0.73082215,0.24247622,0.38079497
P6,myogenic,Neuronal,0.5412386,0.32804638,0.3339375,0.23700067,0.21232067,0.24515724
P6,myogenic,Pericyte,0.5127079,0.5116843,0.36879513,0.32437506,0.21242683,0.3798906
P6,myogenic,vSMCs,0.6115215,0.5911147,0.3009242,0.29165372,0.2630645,0.34963977
P7,myogenic,Cardiomyocyte,0.6445322,0.73945165,0.1994344,0.19704133,0.7373149,0.21211341
P7,myogenic,Endothelial,0.51876795,0.39674067,0.17546521,0.332302,0.15973416,0.7439158
P7,myogenic,Fibroblast,0.62724996,0.41313142,0.62204444,0.31489378,0.21356513,0.34296647
P7,myogenic,Lymphoid,0.33051202,0.32651693,0.15416187,0.3123622,0.17558706,0.28850862
P7,myogenic,Myeloid,0.488362,0.3957587,0.20012765,0.7463131,0.22863093,0.4115449
P7,myogenic,Neuronal,0.44246015,0.3700762,0.4109399,0.26094726,0.1858047,0.15775622
P7,myogenic,Pericyte,0.51009405,0.48888814,0.38475138,0.27734676,0.22873712,0.38238135
P7,myogenic,vSMCs,0.5242868,0.5859821,0.30685088,0.2923625,0.28564128,0.40478703
P8,myogenic,Cardiomyocyte,0.6603534,0.7579639,0.21110915,0.18880208,0.7823005,0.19004087
P8,myogenic,Endothelial,0.561286,0.40762484,0.19015229,0.33796343,0.1748107,0.76678485
P8,myogenic,Fibroblast,0.68369555,0.4487885,0.6694469,0.38503748,0.17580019,0.3653485
P8,myogenic,Lymphoid,0.44536957,0.3640962,0.1962798,0.31975204,0.1367036,0.22149654
P8,myogenic,Myeloid,0.5314218,0.34891698,0.20599195,0.8078536,0.24068297,0.40435287
P8,myogenic,Neuronal,0.4156547,0.24829827,0.29510823,0.26460338,0.18464036,0.12652235
P8,myogenic,Pericyte,0.54209894,0.49247807,0.41050577,0.2933266,0.20368215,0.32265598
P8,myogenic,vSMCs,0.62780005,0.4767029,0.32116476,0.25610468,0.23943998,0.41612265
P9,ischemic,Cardiomyocyte,0.48224807,0.43743238,0.26882342,0.2645779,0.3908176,0.2713899
P9,ischemic,Endothelial,0.49302906,0.36866188,0.2535574,0.34538788,0.20559794,0.6561567
P9,ischemic,Fibroblast,0.6287461,0.39893198,0.75777924,0.34021088,0.19697206,0.4018094
P9,ischemic,Lymphoid,0.4085561,0.28153712,0.22492766,0.29883587,0.15753366,0.2734706
P9,ischemic,Myeloid,0.46766448,0.27351472,0.23272158,0.6560646,0.21135113,0.36708248
P9,ischemic,Neuronal,0.4309458,0.45390224,0.3682931,0.36359355,0.21524651,0.2856239
P9,ischemic,Pericyte,0.49797058,0.42423937,0.35562325,0.34353107,0.18820913,0.36065418
P9,ischemic,vSMCs,0.5862886,0.41645962,0.4143431,0.32874703,0.21587795,0.42341515
P9,myogenic,Cardiomyocyte,0.5099472,0.5739882,0.18559702,0.2060852,0.76396745,0.18512994
P9,myogenic,Endothelial,0.40060776,0.31703174,0.14937365,0.31820342,0.15379865,0.6767615
P9,myogenic,Fibroblast,0.57334775,0.3496051,0.61132777,0.29649776,0.15682188,0.2830134
P9,myogenic,Lymphoid,0.32670256,0.24662209,0.13936242,0.23347883,0.11045682,0.23795192
P9,myogenic,Myeloid,0.370172,0.27871984,0.18086481,0.6485594,0.20985323,0.3779218
P9,myogenic,Neuronal,0.3685503,0.32250148,0.29329154,0.23118886,0.14126559,0.1893981
P9,myogenic,Pericyte,0.42363605,0.39979377,0.27175015,0.25785476,0.16773146,0.3205782
P9,myogenic,vSMCs,0.43233755,0.43847525,0.2966162,0.29265365,0.20779814,0.35143012
