parameter_1,parameter_2,local_sensitivity_profile_correlation
alpha_A,alpha_A,1.0
alpha_C,alpha_A,-0.19999999999999987
alpha_F,alpha_A,-0.2
alpha_I,alpha_A,-0.2
alpha_M,alpha_A,-0.2
alpha_V,alpha_A,-0.2
beta_A,alpha_A,1.0000000000000002
beta_C,alpha_A,-0.2
beta_F,alpha_A,-0.19999999999999996
beta_I,alpha_A,-0.2
beta_M,alpha_A,-0.19999999999999998
beta_V,alpha_A,-0.19999999999999998
gamma_C,alpha_A,-0.1999999999999999
gamma_M,alpha_A,-0.19999999999999998
gamma_V,alpha_A,-0.2
alpha_A,alpha_C,-0.19999999999999987
alpha_C,alpha_C,1.0
alpha_F,alpha_C,-0.19999999999999996
alpha_I,alpha_C,-0.19999999999999998
alpha_M,alpha_C,-0.2
alpha_V,alpha_C,-0.20000000000000004
beta_A,alpha_C,-0.2
beta_C,alpha_C,1.0
beta_F,alpha_C,-0.19999999999999998
beta_I,alpha_C,-0.19999999999999996
beta_M,alpha_C,-0.20000000000000004
beta_V,alpha_C,-0.20000000000000004
gamma_C,alpha_C,0.9999999999999999
gamma_M,alpha_C,-0.20000000000000004
gamma_V,alpha_C,-0.2
alpha_A,alpha_F,-0.2
alpha_C,alpha_F,-0.19999999999999996
alpha_F,alpha_F,1.0
alpha_I,alpha_F,-0.19999999999999996
alpha_M,alpha_F,-0.2
alpha_V,alpha_F,-0.19999999999999998
beta_A,alpha_F,-0.2
beta_C,alpha_F,-0.19999999999999998
beta_F,alpha_F,1.0
beta_I,alpha_F,-0.2
beta_M,alpha_F,-0.2
beta_V,alpha_F,-0.19999999999999998
gamma_C,alpha_F,-0.19999999999999996
gamma_M,alpha_F,-0.19999999999999998
gamma_V,alpha_F,-0.2
alpha_A,alpha_I,-0.2
alpha_C,alpha_I,-0.19999999999999998
alpha_F,alpha_I,-0.19999999999999996
alpha_I,alpha_I,1.0
alpha_M,alpha_I,-0.2
alpha_V,alpha_I,-0.2
beta_A,alpha_I,-0.20000000000000004
beta_C,alpha_I,-0.2
beta_F,alpha_I,-0.19999999999999996
beta_I,alpha_I,1.0
beta_M,alpha_I,-0.19999999999999998
beta_V,alpha_I,-0.2
gamma_C,alpha_I,-0.19999999999999998
gamma_M,alpha_I,-0.2
gamma_V,alpha_I,-0.2
alpha_A,alpha_M,-0.2
alpha_C,alpha_M,-0.2
alpha_F,alpha_M,-0.2
alpha_I,alpha_M,-0.2
alpha_M,alpha_M,1.0
alpha_V,alpha_M,-0.20000000000000004
beta_A,alpha_M,-0.19999999999999998
beta_C,alpha_M,-0.2
beta_F,alpha_M,-0.19999999999999996
beta_I,alpha_M,-0.2
beta_M,alpha_M,0.9999999999999999
beta_V,alpha_M,-0.2
gamma_C,alpha_M,-0.2
gamma_M,alpha_M,1.0
gamma_V,alpha_M,-0.20000000000000004
alpha_A,alpha_V,-0.2
alpha_C,alpha_V,-0.20000000000000004
alpha_F,alpha_V,-0.19999999999999998
alpha_I,alpha_V,-0.2
alpha_M,alpha_V,-0.20000000000000004
alpha_V,alpha_V,1.0
beta_A,alpha_V,-0.2
beta_C,alpha_V,-0.2
beta_F,alpha_V,-0.19999999999999998
beta_I,alpha_V,-0.20000000000000004
beta_M,alpha_V,-0.2
beta_V,alpha_V,1.0
gamma_C,alpha_V,-0.19999999999999998
gamma_M,alpha_V,-0.20000000000000004
gamma_V,alpha_V,1.0
alpha_A,beta_A,1.0000000000000002
alpha_C,beta_A,-0.2
alpha_F,beta_A,-0.2
alpha_I,beta_A,-0.20000000000000004
alpha_M,beta_A,-0.19999999999999998
alpha_V,beta_A,-0.2
beta_A,beta_A,1.0
beta_C,beta_A,-0.2
beta_F,beta_A,-0.20000000000000004
beta_I,beta_A,-0.19999999999999998
beta_M,beta_A,-0.19999999999999998
beta_V,beta_A,-0.2
gamma_C,beta_A,-0.19999999999999993
gamma_M,beta_A,-0.20000000000000004
gamma_V,beta_A,-0.19999999999999998
alpha_A,beta_C,-0.2
alpha_C,beta_C,1.0
alpha_F,beta_C,-0.19999999999999998
alpha_I,beta_C,-0.2
alpha_M,beta_C,-0.2
alpha_V,beta_C,-0.2
beta_A,beta_C,-0.2
beta_C,beta_C,1.0
beta_F,beta_C,-0.20000000000000007
beta_I,beta_C,-0.19999999999999998
beta_M,beta_C,-0.19999999999999996
beta_V,beta_C,-0.19999999999999998
gamma_C,beta_C,0.9999999999999998
gamma_M,beta_C,-0.2
gamma_V,beta_C,-0.19999999999999998
alpha_A,beta_F,-0.19999999999999996
alpha_C,beta_F,-0.19999999999999998
alpha_F,beta_F,1.0
alpha_I,beta_F,-0.19999999999999996
alpha_M,beta_F,-0.19999999999999996
alpha_V,beta_F,-0.19999999999999998
beta_A,beta_F,-0.20000000000000004
beta_C,beta_F,-0.20000000000000007
beta_F,beta_F,1.0
beta_I,beta_F,-0.19999999999999993
beta_M,beta_F,-0.1999999999999999
beta_V,beta_F,-0.19999999999999996
gamma_C,beta_F,-0.2
gamma_M,beta_F,-0.19999999999999996
gamma_V,beta_F,-0.19999999999999996
alpha_A,beta_I,-0.2
alpha_C,beta_I,-0.19999999999999996
alpha_F,beta_I,-0.2
alpha_I,beta_I,1.0
alpha_M,beta_I,-0.2
alpha_V,beta_I,-0.20000000000000004
beta_A,beta_I,-0.19999999999999998
beta_C,beta_I,-0.19999999999999998
beta_F,beta_I,-0.19999999999999993
beta_I,beta_I,1.0
beta_M,beta_I,-0.19999999999999998
beta_V,beta_I,-0.2
gamma_C,beta_I,-0.2
gamma_M,beta_I,-0.19999999999999998
gamma_V,beta_I,-0.2
alpha_A,beta_M,-0.19999999999999998
alpha_C,beta_M,-0.20000000000000004
alpha_F,beta_M,-0.2
alpha_I,beta_M,-0.19999999999999998
alpha_M,beta_M,0.9999999999999999
alpha_V,beta_M,-0.2
beta_A,beta_M,-0.19999999999999998
beta_C,beta_M,-0.19999999999999996
beta_F,beta_M,-0.1999999999999999
beta_I,beta_M,-0.19999999999999998
beta_M,beta_M,1.0
beta_V,beta_M,-0.2
gamma_C,beta_M,-0.2
gamma_M,beta_M,1.0
gamma_V,beta_M,-0.19999999999999998
alpha_A,beta_V,-0.19999999999999998
alpha_C,beta_V,-0.20000000000000004
alpha_F,beta_V,-0.19999999999999998
alpha_I,beta_V,-0.2
alpha_M,beta_V,-0.2
alpha_V,beta_V,1.0
beta_A,beta_V,-0.2
beta_C,beta_V,-0.19999999999999998
beta_F,beta_V,-0.19999999999999996
beta_I,beta_V,-0.2
beta_M,beta_V,-0.2
beta_V,beta_V,1.0
gamma_C,beta_V,-0.19999999999999998
gamma_M,beta_V,-0.2
gamma_V,beta_V,1.0
alpha_A,gamma_C,-0.1999999999999999
alpha_C,gamma_C,0.9999999999999999
alpha_F,gamma_C,-0.19999999999999996
alpha_I,gamma_C,-0.19999999999999998
alpha_M,gamma_C,-0.2
alpha_V,gamma_C,-0.19999999999999998
beta_A,gamma_C,-0.19999999999999993
beta_C,gamma_C,0.9999999999999998
beta_F,gamma_C,-0.2
beta_I,gamma_C,-0.2
beta_M,gamma_C,-0.2
beta_V,gamma_C,-0.19999999999999998
gamma_C,gamma_C,1.0
gamma_M,gamma_C,-0.19999999999999998
gamma_V,gamma_C,-0.19999999999999998
alpha_A,gamma_M,-0.19999999999999998
alpha_C,gamma_M,-0.20000000000000004
alpha_F,gamma_M,-0.19999999999999998
alpha_I,gamma_M,-0.2
alpha_M,gamma_M,1.0
alpha_V,gamma_M,-0.20000000000000004
beta_A,gamma_M,-0.20000000000000004
beta_C,gamma_M,-0.2
beta_F,gamma_M,-0.19999999999999996
beta_I,gamma_M,-0.19999999999999998
beta_M,gamma_M,1.0
beta_V,gamma_M,-0.2
gamma_C,gamma_M,-0.19999999999999998
gamma_M,gamma_M,1.0
gamma_V,gamma_M,-0.19999999999999998
alpha_A,gamma_V,-0.2
alpha_C,gamma_V,-0.2
alpha_F,gamma_V,-0.2
alpha_I,gamma_V,-0.2
alpha_M,gamma_V,-0.20000000000000004
alpha_V,gamma_V,1.0
beta_A,gamma_V,-0.19999999999999998
beta_C,gamma_V,-0.19999999999999998
beta_F,gamma_V,-0.19999999999999996
beta_I,gamma_V,-0.2
beta_M,gamma_V,-0.19999999999999998
beta_V,gamma_V,1.0
gamma_C,gamma_V,-0.19999999999999998
gamma_M,gamma_V,-0.19999999999999998
gamma_V,gamma_V,1.0
