parameter_1,parameter_2,pearson_correlation
alpha_A,alpha_A,1.0
alpha_C,alpha_A,-0.5039831815766852
alpha_F,alpha_A,0.47189432721719193
alpha_I,alpha_A,-0.6104602328826817
alpha_M,alpha_A,-0.6209614735813523
alpha_V,alpha_A,-0.50190451572985
beta_A,alpha_A,-0.615108006577207
beta_C,alpha_A,0.5859078098240187
beta_F,alpha_A,0.09586022897981442
beta_I,alpha_A,0.44346782495991544
beta_M,alpha_A,-0.33956018316077613
beta_V,alpha_A,0.0009738851334212143
gamma_C,alpha_A,-0.08679963413693748
gamma_M,alpha_A,-0.5765445054226965
gamma_V,alpha_A,0.25409817813234975
mechanistic_gate_A,alpha_A,0.6405550609976421
mechanistic_gate_C,alpha_A,-0.3638649686514772
mechanistic_gate_F,alpha_A,0.3623210230725694
mechanistic_gate_I,alpha_A,0.11391355511685601
mechanistic_gate_M,alpha_A,-0.5997687125787184
mechanistic_gate_V,alpha_A,-0.40367698893678244
residual_scale_A,alpha_A,0.008429425982749985
residual_scale_C,alpha_A,0.05611631860412508
residual_scale_F,alpha_A,0.6473276722662024
residual_scale_I,alpha_A,-0.005469148091902877
residual_scale_M,alpha_A,0.1743906263054654
residual_scale_V,alpha_A,0.08776647357809404
alpha_A,alpha_C,-0.5039831815766852
alpha_C,alpha_C,1.0
alpha_F,alpha_C,0.19962606474917632
alpha_I,alpha_C,0.4880194712820638
alpha_M,alpha_C,0.7860745881576904
alpha_V,alpha_C,0.47656854201589277
beta_A,alpha_C,0.14561020417011528
beta_C,alpha_C,-0.8170466575622972
beta_F,alpha_C,0.3511269410071914
beta_I,alpha_C,-0.6338009002717679
beta_M,alpha_C,0.6664338174024663
beta_V,alpha_C,0.006805292790865084
gamma_C,alpha_C,0.5058971594370267
gamma_M,alpha_C,0.8103436408729382
gamma_V,alpha_C,-0.13147336642113774
mechanistic_gate_A,alpha_C,-0.16696861766292806
mechanistic_gate_C,alpha_C,0.9360538798169635
mechanistic_gate_F,alpha_C,0.2720785904751545
mechanistic_gate_I,alpha_C,-0.6093323642976728
mechanistic_gate_M,alpha_C,0.8267143427251715
mechanistic_gate_V,alpha_C,0.3855244317517672
residual_scale_A,alpha_C,-0.033825468206300335
residual_scale_C,alpha_C,-0.13661774012024874
residual_scale_F,alpha_C,-0.48780196779290086
residual_scale_I,alpha_C,-0.4706076227110303
residual_scale_M,alpha_C,-0.623315418087054
residual_scale_V,alpha_C,-0.09040912125139326
alpha_A,alpha_F,0.47189432721719193
alpha_C,alpha_F,0.19962606474917632
alpha_F,alpha_F,1.0
alpha_I,alpha_F,-0.012197798705534706
alpha_M,alpha_F,-0.08228785148704604
alpha_V,alpha_F,0.3076075853802398
beta_A,alpha_F,-0.47334868633148663
beta_C,alpha_F,0.02176390098875127
beta_F,alpha_F,0.7946125311907755
beta_I,alpha_F,-0.4166037425460053
beta_M,alpha_F,-0.1270676529034236
beta_V,alpha_F,-0.6198840418287356
gamma_C,alpha_F,0.34581336006389046
gamma_M,alpha_F,0.006816912595889903
gamma_V,alpha_F,0.6099419382855875
mechanistic_gate_A,alpha_F,0.5287031440388631
mechanistic_gate_C,alpha_F,0.3271300059794308
mechanistic_gate_F,alpha_F,0.9764293571190956
mechanistic_gate_I,alpha_F,-0.6646516971910192
mechanistic_gate_M,alpha_F,-0.06607771110548427
mechanistic_gate_V,alpha_F,0.3149724763709495
residual_scale_A,alpha_F,-0.36739104439020226
residual_scale_C,alpha_F,-0.09563039258612908
residual_scale_F,alpha_F,0.5220350573902496
residual_scale_I,alpha_F,-0.3389805468619936
residual_scale_M,alpha_F,-0.557970541249042
residual_scale_V,alpha_F,-0.47687075410633795
alpha_A,alpha_I,-0.6104602328826817
alpha_C,alpha_I,0.4880194712820638
alpha_F,alpha_I,-0.012197798705534706
alpha_I,alpha_I,1.0
alpha_M,alpha_I,0.6462486178402113
alpha_V,alpha_I,0.6759493457668996
beta_A,alpha_I,0.0667158825406585
beta_C,alpha_I,-0.6731478933834054
beta_F,alpha_I,0.33538144924436786
beta_I,alpha_I,-0.793895723571661
beta_M,alpha_I,0.24008640939101147
beta_V,alpha_I,-0.23452141654657774
gamma_C,alpha_I,0.029943919803858375
gamma_M,alpha_I,0.5932819731049614
gamma_V,alpha_I,-0.0011816712142089102
mechanistic_gate_A,alpha_I,-0.4496301409053676
mechanistic_gate_C,alpha_I,0.368409432282574
mechanistic_gate_F,alpha_I,0.09115223915168526
mechanistic_gate_I,alpha_I,-0.37494767702128906
mechanistic_gate_M,alpha_I,0.5932677347846763
mechanistic_gate_V,alpha_I,0.6017179993018894
residual_scale_A,alpha_I,-0.1268870997699856
residual_scale_C,alpha_I,-0.5067014558805906
residual_scale_F,alpha_I,-0.4200898199558564
residual_scale_I,alpha_I,-0.19636059980668172
residual_scale_M,alpha_I,-0.1987147073719763
residual_scale_V,alpha_I,-0.3951474083613862
alpha_A,alpha_M,-0.6209614735813523
alpha_C,alpha_M,0.7860745881576904
alpha_F,alpha_M,-0.08228785148704604
alpha_I,alpha_M,0.6462486178402113
alpha_M,alpha_M,1.0
alpha_V,alpha_M,0.4722052392361053
beta_A,alpha_M,0.106695364346319
beta_C,alpha_M,-0.9180014487865524
beta_F,alpha_M,0.13775859544679256
beta_I,alpha_M,-0.677681554573128
beta_M,alpha_M,0.4753022583765426
beta_V,alpha_M,0.0911536856820708
gamma_C,alpha_M,0.2900369918322599
gamma_M,alpha_M,0.9745555083947843
gamma_V,alpha_M,-0.430157836654627
mechanistic_gate_A,alpha_M,-0.26692801446106884
mechanistic_gate_C,alpha_M,0.6360022256036593
mechanistic_gate_F,alpha_M,-0.009147934878040003
mechanistic_gate_I,alpha_M,-0.44417368555992653
mechanistic_gate_M,alpha_M,0.9762674690459234
mechanistic_gate_V,alpha_M,0.3034035195228395
residual_scale_A,alpha_M,-0.06480801554349712
residual_scale_C,alpha_M,-0.3226628476378655
residual_scale_F,alpha_M,-0.7685361395811736
residual_scale_I,alpha_M,-0.1662341073596557
residual_scale_M,alpha_M,-0.3438952747631635
residual_scale_V,alpha_M,0.04963415768280466
alpha_A,alpha_V,-0.50190451572985
alpha_C,alpha_V,0.47656854201589277
alpha_F,alpha_V,0.3076075853802398
alpha_I,alpha_V,0.6759493457668996
alpha_M,alpha_V,0.4722052392361053
alpha_V,alpha_V,1.0
beta_A,alpha_V,0.3090151444975308
beta_C,alpha_V,-0.5534580551872571
beta_F,alpha_V,0.46478135498940526
beta_I,alpha_V,-0.7485265523488868
beta_M,alpha_V,-0.029359605172568675
beta_V,alpha_V,-0.7421752375352733
gamma_C,alpha_V,0.3758445517758173
gamma_M,alpha_V,0.4414696851163695
gamma_V,alpha_V,0.5279367606780807
mechanistic_gate_A,alpha_V,-0.026535210248239655
mechanistic_gate_C,alpha_V,0.46139407571499963
mechanistic_gate_F,alpha_V,0.36116663308777214
mechanistic_gate_I,alpha_V,-0.5117966566175095
mechanistic_gate_M,alpha_V,0.3805402526600818
mechanistic_gate_V,alpha_V,0.9708391532642825
residual_scale_A,alpha_V,-0.30245939135126143
residual_scale_C,alpha_V,-0.44082843751415046
residual_scale_F,alpha_V,-0.13191023258801932
residual_scale_I,alpha_V,-0.2959876535698697
residual_scale_M,alpha_V,-0.5729297552109955
residual_scale_V,alpha_V,-0.7800037157676453
alpha_A,beta_A,-0.615108006577207
alpha_C,beta_A,0.14561020417011528
alpha_F,beta_A,-0.47334868633148663
alpha_I,beta_A,0.0667158825406585
alpha_M,beta_A,0.106695364346319
alpha_V,beta_A,0.3090151444975308
beta_A,beta_A,1.0
beta_C,beta_A,-0.06194401725338872
beta_F,beta_A,-0.33705996426531853
beta_I,beta_A,0.025613325300675942
beta_M,beta_A,0.1590930861310291
beta_V,beta_A,-0.03296966854559169
gamma_C,beta_A,0.1218507206713763
gamma_M,beta_A,0.023512311679553928
gamma_V,beta_A,0.01897419796508844
mechanistic_gate_A,beta_A,-0.044770512705227285
mechanistic_gate_C,beta_A,0.10292723942923551
mechanistic_gate_F,beta_A,-0.42149585199613354
mechanistic_gate_I,beta_A,0.09088446165941866
mechanistic_gate_M,beta_A,0.058188858701641276
mechanistic_gate_V,beta_A,0.31129437255765663
residual_scale_A,beta_A,-0.219605690154681
residual_scale_C,beta_A,-0.01887497658188013
residual_scale_F,beta_A,-0.22341089449653057
residual_scale_I,beta_A,0.10058469634400549
residual_scale_M,beta_A,-0.1932693929812847
residual_scale_V,beta_A,-0.187830306880911
alpha_A,beta_C,0.5859078098240187
alpha_C,beta_C,-0.8170466575622972
alpha_F,beta_C,0.02176390098875127
alpha_I,beta_C,-0.6731478933834054
alpha_M,beta_C,-0.9180014487865524
alpha_V,beta_C,-0.5534580551872571
beta_A,beta_C,-0.06194401725338872
beta_C,beta_C,1.0
beta_F,beta_C,-0.1323448276842617
beta_I,beta_C,0.6601031090996548
beta_M,beta_C,-0.4009210758726928
beta_V,beta_C,0.0028611643445925353
gamma_C,beta_C,-0.42076240742254717
gamma_M,beta_C,-0.9090123768799382
gamma_V,beta_C,0.2466669745072157
mechanistic_gate_A,beta_C,0.34194896548313614
mechanistic_gate_C,beta_C,-0.6478181385269177
mechanistic_gate_F,beta_C,-0.02923510901983564
mechanistic_gate_I,beta_C,0.4155746072060423
mechanistic_gate_M,beta_C,-0.8951510314784773
mechanistic_gate_V,beta_C,-0.4302492781959149
residual_scale_A,beta_C,0.02007772054455725
residual_scale_C,beta_C,0.3407809174602635
residual_scale_F,beta_C,0.6353328678436512
residual_scale_I,beta_C,0.3043051287988785
residual_scale_M,beta_C,0.4101925549007123
residual_scale_V,beta_C,0.08587033906507206
alpha_A,beta_F,0.09586022897981442
alpha_C,beta_F,0.3511269410071914
alpha_F,beta_F,0.7946125311907755
alpha_I,beta_F,0.33538144924436786
alpha_M,beta_F,0.13775859544679256
alpha_V,beta_F,0.46478135498940526
beta_A,beta_F,-0.33705996426531853
beta_C,beta_F,-0.1323448276842617
beta_F,beta_F,1.0
beta_I,beta_F,-0.6527977598515171
beta_M,beta_F,0.06983252423522696
beta_V,beta_F,-0.5444809372293163
gamma_C,beta_F,0.07901988968900375
gamma_M,beta_F,0.1624405102152565
gamma_V,beta_F,0.46115841940045826
mechanistic_gate_A,beta_F,0.2715385171036629
mechanistic_gate_C,beta_F,0.4194148647675249
mechanistic_gate_F,beta_F,0.879091634488387
mechanistic_gate_I,beta_F,-0.7198243655755786
mechanistic_gate_M,beta_F,0.1359682678127731
mechanistic_gate_V,beta_F,0.4391644319031157
residual_scale_A,beta_F,-0.35260726435568757
residual_scale_C,beta_F,-0.2113177428946399
residual_scale_F,beta_F,0.308790441842712
residual_scale_I,beta_F,-0.4062236859522246
residual_scale_M,beta_F,-0.4226681150918404
residual_scale_V,beta_F,-0.4921040324031641
alpha_A,beta_I,0.44346782495991544
alpha_C,beta_I,-0.6338009002717679
alpha_F,beta_I,-0.4166037425460053
alpha_I,beta_I,-0.793895723571661
alpha_M,beta_I,-0.677681554573128
alpha_V,beta_I,-0.7485265523488868
beta_A,beta_I,0.025613325300675942
beta_C,beta_I,0.6601031090996548
beta_F,beta_I,-0.6527977598515171
beta_I,beta_I,1.0
beta_M,beta_I,-0.17102426515309108
beta_V,beta_I,0.45740166611959476
gamma_C,beta_I,-0.24228627598033572
gamma_M,beta_I,-0.6601076099866606
gamma_V,beta_I,-0.12873525260296662
mechanistic_gate_A,beta_I,0.08896810659339427
mechanistic_gate_C,beta_I,-0.5615177294706593
mechanistic_gate_F,beta_I,-0.5166655428219046
mechanistic_gate_I,beta_I,0.8179108513153164
mechanistic_gate_M,beta_I,-0.6254862714802015
mechanistic_gate_V,beta_I,-0.6328740458762894
residual_scale_A,beta_I,0.3983145914407883
residual_scale_C,beta_I,0.4783129666788797
residual_scale_F,beta_I,0.2763196834756375
residual_scale_I,beta_I,0.1951590112992337
residual_scale_M,beta_I,0.4829643305470686
residual_scale_V,beta_I,0.4170827859144677
alpha_A,beta_M,-0.33956018316077613
alpha_C,beta_M,0.6664338174024663
alpha_F,beta_M,-0.1270676529034236
alpha_I,beta_M,0.24008640939101147
alpha_M,beta_M,0.4753022583765426
alpha_V,beta_M,-0.029359605172568675
beta_A,beta_M,0.1590930861310291
beta_C,beta_M,-0.4009210758726928
beta_F,beta_M,0.06983252423522696
beta_I,beta_M,-0.17102426515309108
beta_M,beta_M,1.0
beta_V,beta_M,0.46400877892541004
gamma_C,beta_M,0.06581600246152837
gamma_M,beta_M,0.5125225875599904
gamma_V,beta_M,-0.4006110116987854
mechanistic_gate_A,beta_M,-0.1689678217505682
mechanistic_gate_C,beta_M,0.6018344496940196
mechanistic_gate_F,beta_M,-0.08195220824606433
mechanistic_gate_I,beta_M,-0.13216717270354802
mechanistic_gate_M,beta_M,0.6049236604379733
mechanistic_gate_V,beta_M,-0.0768948061736843
residual_scale_A,beta_M,0.1788387989179089
residual_scale_C,beta_M,0.03278242501807754
residual_scale_F,beta_M,-0.4195133339092197
residual_scale_I,beta_M,-0.35581998642977486
residual_scale_M,beta_M,-0.3788281738361623
residual_scale_V,beta_M,0.17841919117382293
alpha_A,beta_V,0.0009738851334212143
alpha_C,beta_V,0.006805292790865084
alpha_F,beta_V,-0.6198840418287356
alpha_I,beta_V,-0.23452141654657774
alpha_M,beta_V,0.0911536856820708
alpha_V,beta_V,-0.7421752375352733
beta_A,beta_V,-0.03296966854559169
beta_C,beta_V,0.0028611643445925353
beta_F,beta_V,-0.5444809372293163
beta_I,beta_V,0.45740166611959476
beta_M,beta_V,0.46400877892541004
beta_V,beta_V,1.0
gamma_C,beta_V,-0.24508931854121777
gamma_M,beta_V,0.060641153880029136
gamma_V,beta_V,-0.834006892261599
mechanistic_gate_A,beta_V,-0.25839001513237286
mechanistic_gate_C,beta_V,-0.06981067821410455
mechanistic_gate_F,beta_V,-0.6180481138943411
mechanistic_gate_I,beta_V,0.41940634014827594
mechanistic_gate_M,beta_V,0.16978858553958878
mechanistic_gate_V,beta_V,-0.7621197388089115
residual_scale_A,beta_V,0.41359160660449446
residual_scale_C,beta_V,0.249519573661264
residual_scale_F,beta_V,-0.37786848782501337
residual_scale_I,beta_V,0.12989787320412058
residual_scale_M,beta_V,0.45595434609280344
residual_scale_V,beta_V,0.8657546643582124
alpha_A,gamma_C,-0.08679963413693748
alpha_C,gamma_C,0.5058971594370267
alpha_F,gamma_C,0.34581336006389046
alpha_I,gamma_C,0.029943919803858375
alpha_M,gamma_C,0.2900369918322599
alpha_V,gamma_C,0.3758445517758173
beta_A,gamma_C,0.1218507206713763
beta_C,gamma_C,-0.42076240742254717
beta_F,gamma_C,0.07901988968900375
beta_I,gamma_C,-0.24228627598033572
beta_M,gamma_C,0.06581600246152837
beta_V,gamma_C,-0.24508931854121777
gamma_C,gamma_C,1.0
gamma_M,gamma_C,0.3378765013892178
gamma_V,gamma_C,0.3196784232448587
mechanistic_gate_A,gamma_C,0.07683276061720314
mechanistic_gate_C,gamma_C,0.6286217860634704
mechanistic_gate_F,gamma_C,0.3262446715676809
mechanistic_gate_I,gamma_C,-0.349857127150465
mechanistic_gate_M,gamma_C,0.2870794088440979
mechanistic_gate_V,gamma_C,0.3938009902158784
residual_scale_A,gamma_C,-0.15582750760825115
residual_scale_C,gamma_C,0.041054254266116724
residual_scale_F,gamma_C,-0.05921292844193654
residual_scale_I,gamma_C,-0.23030094372917778
residual_scale_M,gamma_C,-0.5754915917728533
residual_scale_V,gamma_C,-0.16046236413105652
alpha_A,gamma_M,-0.5765445054226965
alpha_C,gamma_M,0.8103436408729382
alpha_F,gamma_M,0.006816912595889903
alpha_I,gamma_M,0.5932819731049614
alpha_M,gamma_M,0.9745555083947843
alpha_V,gamma_M,0.4414696851163695
beta_A,gamma_M,0.023512311679553928
beta_C,gamma_M,-0.9090123768799382
beta_F,gamma_M,0.1624405102152565
beta_I,gamma_M,-0.6601076099866606
beta_M,gamma_M,0.5125225875599904
beta_V,gamma_M,0.060641153880029136
gamma_C,gamma_M,0.3378765013892178
gamma_M,gamma_M,1.0
gamma_V,gamma_M,-0.397670121413465
mechanistic_gate_A,gamma_M,-0.2858323726056862
mechanistic_gate_C,gamma_M,0.6680846557541993
mechanistic_gate_F,gamma_M,0.06111535949003897
mechanistic_gate_I,gamma_M,-0.45360859020673316
mechanistic_gate_M,gamma_M,0.9887251866170776
mechanistic_gate_V,gamma_M,0.271339827597375
residual_scale_A,gamma_M,-0.012219749425730677
residual_scale_C,gamma_M,-0.24668373471778937
residual_scale_F,gamma_M,-0.7399386149506016
residual_scale_I,gamma_M,-0.17465911394125055
residual_scale_M,gamma_M,-0.4283177420769918
residual_scale_V,gamma_M,0.04109145053074535
alpha_A,gamma_V,0.25409817813234975
alpha_C,gamma_V,-0.13147336642113774
alpha_F,gamma_V,0.6099419382855875
alpha_I,gamma_V,-0.0011816712142089102
alpha_M,gamma_V,-0.430157836654627
alpha_V,gamma_V,0.5279367606780807
beta_A,gamma_V,0.01897419796508844
beta_C,gamma_V,0.2466669745072157
beta_F,gamma_V,0.46115841940045826
beta_I,gamma_V,-0.12873525260296662
beta_M,gamma_V,-0.4006110116987854
beta_V,gamma_V,-0.834006892261599
gamma_C,gamma_V,0.3196784232448587
gamma_M,gamma_V,-0.397670121413465
gamma_V,gamma_V,1.0
mechanistic_gate_A,gamma_V,0.3392081813759787
mechanistic_gate_C,gamma_V,0.044321090462772175
mechanistic_gate_F,gamma_V,0.57557154297647
mechanistic_gate_I,gamma_V,-0.1939647553026161
mechanistic_gate_M,gamma_V,-0.4717715039857136
mechanistic_gate_V,gamma_V,0.6668325126798185
residual_scale_A,gamma_V,-0.21658493636137793
residual_scale_C,gamma_V,-0.13190934420842618
residual_scale_F,gamma_V,0.6412432721511481
residual_scale_I,gamma_V,-0.2968916575487092
residual_scale_M,gamma_V,-0.3881012112689893
residual_scale_V,gamma_V,-0.8137036276442059
alpha_A,mechanistic_gate_A,0.6405550609976421
alpha_C,mechanistic_gate_A,-0.16696861766292806
alpha_F,mechanistic_gate_A,0.5287031440388631
alpha_I,mechanistic_gate_A,-0.4496301409053676
alpha_M,mechanistic_gate_A,-0.26692801446106884
alpha_V,mechanistic_gate_A,-0.026535210248239655
beta_A,mechanistic_gate_A,-0.044770512705227285
beta_C,mechanistic_gate_A,0.34194896548313614
beta_F,mechanistic_gate_A,0.2715385171036629
beta_I,mechanistic_gate_A,0.08896810659339427
beta_M,mechanistic_gate_A,-0.1689678217505682
beta_V,mechanistic_gate_A,-0.25839001513237286
gamma_C,mechanistic_gate_A,0.07683276061720314
gamma_M,mechanistic_gate_A,-0.2858323726056862
gamma_V,mechanistic_gate_A,0.3392081813759787
mechanistic_gate_A,mechanistic_gate_A,1.0
mechanistic_gate_C,mechanistic_gate_A,-0.0669581870178544
mechanistic_gate_F,mechanistic_gate_A,0.4637656035331644
mechanistic_gate_I,mechanistic_gate_A,-0.2511366957323618
mechanistic_gate_M,mechanistic_gate_A,-0.31007214586781656
mechanistic_gate_V,mechanistic_gate_A,-0.0012924506757820786
residual_scale_A,mechanistic_gate_A,-0.4275999387833316
residual_scale_C,mechanistic_gate_A,-0.2029233750048862
residual_scale_F,mechanistic_gate_A,0.5054738842851028
residual_scale_I,mechanistic_gate_A,-0.16931878554074486
residual_scale_M,mechanistic_gate_A,-0.2865458728879932
residual_scale_V,mechanistic_gate_A,-0.2168867079902573
alpha_A,mechanistic_gate_C,-0.3638649686514772
alpha_C,mechanistic_gate_C,0.9360538798169635
alpha_F,mechanistic_gate_C,0.3271300059794308
alpha_I,mechanistic_gate_C,0.368409432282574
alpha_M,mechanistic_gate_C,0.6360022256036593
alpha_V,mechanistic_gate_C,0.46139407571499963
beta_A,mechanistic_gate_C,0.10292723942923551
beta_C,mechanistic_gate_C,-0.6478181385269177
beta_F,mechanistic_gate_C,0.4194148647675249
beta_I,mechanistic_gate_C,-0.5615177294706593
beta_M,mechanistic_gate_C,0.6018344496940196
beta_V,mechanistic_gate_C,-0.06981067821410455
gamma_C,mechanistic_gate_C,0.6286217860634704
gamma_M,mechanistic_gate_C,0.6680846557541993
gamma_V,mechanistic_gate_C,0.044321090462772175
mechanistic_gate_A,mechanistic_gate_C,-0.0669581870178544
mechanistic_gate_C,mechanistic_gate_C,1.0
mechanistic_gate_F,mechanistic_gate_C,0.3900247832524963
mechanistic_gate_I,mechanistic_gate_C,-0.6098364527861426
mechanistic_gate_M,mechanistic_gate_C,0.681346713718709
mechanistic_gate_V,mechanistic_gate_C,0.4192926356586729
residual_scale_A,mechanistic_gate_C,0.012839462534375748
residual_scale_C,mechanistic_gate_C,-0.04937976816615025
residual_scale_F,mechanistic_gate_C,-0.3661411033345901
residual_scale_I,mechanistic_gate_C,-0.5121326172872711
residual_scale_M,mechanistic_gate_C,-0.6209219492037968
residual_scale_V,mechanistic_gate_C,-0.1235003243083464
alpha_A,mechanistic_gate_F,0.3623210230725694
alpha_C,mechanistic_gate_F,0.2720785904751545
alpha_F,mechanistic_gate_F,0.9764293571190956
alpha_I,mechanistic_gate_F,0.09115223915168526
alpha_M,mechanistic_gate_F,-0.009147934878040003
alpha_V,mechanistic_gate_F,0.36116663308777214
beta_A,mechanistic_gate_F,-0.42149585199613354
beta_C,mechanistic_gate_F,-0.02923510901983564
beta_F,mechanistic_gate_F,0.879091634488387
beta_I,mechanistic_gate_F,-0.5166655428219046
beta_M,mechanistic_gate_F,-0.08195220824606433
beta_V,mechanistic_gate_F,-0.6180481138943411
gamma_C,mechanistic_gate_F,0.3262446715676809
gamma_M,mechanistic_gate_F,0.06111535949003897
gamma_V,mechanistic_gate_F,0.57557154297647
mechanistic_gate_A,mechanistic_gate_F,0.4637656035331644
mechanistic_gate_C,mechanistic_gate_F,0.3900247832524963
mechanistic_gate_F,mechanistic_gate_F,1.0
mechanistic_gate_I,mechanistic_gate_F,-0.7486587615181804
mechanistic_gate_M,mechanistic_gate_F,-0.0024351522960361174
mechanistic_gate_V,mechanistic_gate_F,0.3529641679512388
residual_scale_A,mechanistic_gate_F,-0.4284872343487641
residual_scale_C,mechanistic_gate_F,-0.12481594096724877
residual_scale_F,mechanistic_gate_F,0.46826529119138016
residual_scale_I,mechanistic_gate_F,-0.32622112490119115
residual_scale_M,mechanistic_gate_F,-0.5418514048059663
residual_scale_V,mechanistic_gate_F,-0.4877809523858332
alpha_A,mechanistic_gate_I,0.11391355511685601
alpha_C,mechanistic_gate_I,-0.6093323642976728
alpha_F,mechanistic_gate_I,-0.6646516971910192
alpha_I,mechanistic_gate_I,-0.37494767702128906
alpha_M,mechanistic_gate_I,-0.44417368555992653
alpha_V,mechanistic_gate_I,-0.5117966566175095
beta_A,mechanistic_gate_I,0.09088446165941866
beta_C,mechanistic_gate_I,0.4155746072060423
beta_F,mechanistic_gate_I,-0.7198243655755786
beta_I,mechanistic_gate_I,0.8179108513153164
beta_M,mechanistic_gate_I,-0.13216717270354802
beta_V,mechanistic_gate_I,0.41940634014827594
gamma_C,mechanistic_gate_I,-0.349857127150465
gamma_M,mechanistic_gate_I,-0.45360859020673316
gamma_V,mechanistic_gate_I,-0.1939647553026161
mechanistic_gate_A,mechanistic_gate_I,-0.2511366957323618
mechanistic_gate_C,mechanistic_gate_I,-0.6098364527861426
mechanistic_gate_F,mechanistic_gate_I,-0.7486587615181804
mechanistic_gate_I,mechanistic_gate_I,1.0
mechanistic_gate_M,mechanistic_gate_I,-0.41370856256998306
mechanistic_gate_V,mechanistic_gate_I,-0.41654539458872486
residual_scale_A,mechanistic_gate_I,0.4775454086611402
residual_scale_C,mechanistic_gate_I,0.29263827927959657
residual_scale_F,mechanistic_gate_I,0.01842653343361568
residual_scale_I,mechanistic_gate_I,0.21873311697179484
residual_scale_M,mechanistic_gate_I,0.6013768133199212
residual_scale_V,mechanistic_gate_I,0.29459401936007307
alpha_A,mechanistic_gate_M,-0.5997687125787184
alpha_C,mechanistic_gate_M,0.8267143427251715
alpha_F,mechanistic_gate_M,-0.06607771110548427
alpha_I,mechanistic_gate_M,0.5932677347846763
alpha_M,mechanistic_gate_M,0.9762674690459234
alpha_V,mechanistic_gate_M,0.3805402526600818
beta_A,mechanistic_gate_M,0.058188858701641276
beta_C,mechanistic_gate_M,-0.8951510314784773
beta_F,mechanistic_gate_M,0.1359682678127731
beta_I,mechanistic_gate_M,-0.6254862714802015
beta_M,mechanistic_gate_M,0.6049236604379733
beta_V,mechanistic_gate_M,0.16978858553958878
gamma_C,mechanistic_gate_M,0.2870794088440979
gamma_M,mechanistic_gate_M,0.9887251866170776
gamma_V,mechanistic_gate_M,-0.4717715039857136
mechanistic_gate_A,mechanistic_gate_M,-0.31007214586781656
mechanistic_gate_C,mechanistic_gate_M,0.681346713718709
mechanistic_gate_F,mechanistic_gate_M,-0.0024351522960361174
mechanistic_gate_I,mechanistic_gate_M,-0.41370856256998306
mechanistic_gate_M,mechanistic_gate_M,1.0
mechanistic_gate_V,mechanistic_gate_M,0.21511321394638913
residual_scale_A,mechanistic_gate_M,0.022773684892212567
residual_scale_C,mechanistic_gate_M,-0.2182715679730935
residual_scale_F,mechanistic_gate_M,-0.7661399015801235
residual_scale_I,mechanistic_gate_M,-0.1858690796201829
residual_scale_M,mechanistic_gate_M,-0.3843325657721745
residual_scale_V,mechanistic_gate_M,0.11196229586466716
alpha_A,mechanistic_gate_V,-0.40367698893678244
alpha_C,mechanistic_gate_V,0.3855244317517672
alpha_F,mechanistic_gate_V,0.3149724763709495
alpha_I,mechanistic_gate_V,0.6017179993018894
alpha_M,mechanistic_gate_V,0.3034035195228395
alpha_V,mechanistic_gate_V,0.9708391532642825
beta_A,mechanistic_gate_V,0.31129437255765663
beta_C,mechanistic_gate_V,-0.4302492781959149
beta_F,mechanistic_gate_V,0.4391644319031157
beta_I,mechanistic_gate_V,-0.6328740458762894
beta_M,mechanistic_gate_V,-0.0768948061736843
beta_V,mechanistic_gate_V,-0.7621197388089115
gamma_C,mechanistic_gate_V,0.3938009902158784
gamma_M,mechanistic_gate_V,0.271339827597375
gamma_V,mechanistic_gate_V,0.6668325126798185
mechanistic_gate_A,mechanistic_gate_V,-0.0012924506757820786
mechanistic_gate_C,mechanistic_gate_V,0.4192926356586729
mechanistic_gate_F,mechanistic_gate_V,0.3529641679512388
mechanistic_gate_I,mechanistic_gate_V,-0.41654539458872486
mechanistic_gate_M,mechanistic_gate_V,0.21511321394638913
mechanistic_gate_V,mechanistic_gate_V,1.0
residual_scale_A,mechanistic_gate_V,-0.2191552533886955
residual_scale_C,mechanistic_gate_V,-0.42041345902822946
residual_scale_F,mechanistic_gate_V,-0.005078838028708705
residual_scale_I,mechanistic_gate_V,-0.34941895993831384
residual_scale_M,mechanistic_gate_V,-0.5307612565124817
residual_scale_V,mechanistic_gate_V,-0.8300661301462751
alpha_A,residual_scale_A,0.008429425982749985
alpha_C,residual_scale_A,-0.033825468206300335
alpha_F,residual_scale_A,-0.36739104439020226
alpha_I,residual_scale_A,-0.1268870997699856
alpha_M,residual_scale_A,-0.06480801554349712
alpha_V,residual_scale_A,-0.30245939135126143
beta_A,residual_scale_A,-0.219605690154681
beta_C,residual_scale_A,0.02007772054455725
beta_F,residual_scale_A,-0.35260726435568757
beta_I,residual_scale_A,0.3983145914407883
beta_M,residual_scale_A,0.1788387989179089
beta_V,residual_scale_A,0.41359160660449446
gamma_C,residual_scale_A,-0.15582750760825115
gamma_M,residual_scale_A,-0.012219749425730677
gamma_V,residual_scale_A,-0.21658493636137793
mechanistic_gate_A,residual_scale_A,-0.4275999387833316
mechanistic_gate_C,residual_scale_A,0.012839462534375748
mechanistic_gate_F,residual_scale_A,-0.4284872343487641
mechanistic_gate_I,residual_scale_A,0.4775454086611402
mechanistic_gate_M,residual_scale_A,0.022773684892212567
mechanistic_gate_V,residual_scale_A,-0.2191552533886955
residual_scale_A,residual_scale_A,1.0
residual_scale_C,residual_scale_A,0.27472337035199923
residual_scale_F,residual_scale_A,-0.3013835061580871
residual_scale_I,residual_scale_A,-0.09607083950756859
residual_scale_M,residual_scale_A,0.35494958159829304
residual_scale_V,residual_scale_A,0.3854848512913461
alpha_A,residual_scale_C,0.05611631860412508
alpha_C,residual_scale_C,-0.13661774012024874
alpha_F,residual_scale_C,-0.09563039258612908
alpha_I,residual_scale_C,-0.5067014558805906
alpha_M,residual_scale_C,-0.3226628476378655
alpha_V,residual_scale_C,-0.44082843751415046
beta_A,residual_scale_C,-0.01887497658188013
beta_C,residual_scale_C,0.3407809174602635
beta_F,residual_scale_C,-0.2113177428946399
beta_I,residual_scale_C,0.4783129666788797
beta_M,residual_scale_C,0.03278242501807754
beta_V,residual_scale_C,0.249519573661264
gamma_C,residual_scale_C,0.041054254266116724
gamma_M,residual_scale_C,-0.24668373471778937
gamma_V,residual_scale_C,-0.13190934420842618
mechanistic_gate_A,residual_scale_C,-0.2029233750048862
mechanistic_gate_C,residual_scale_C,-0.04937976816615025
mechanistic_gate_F,residual_scale_C,-0.12481594096724877
mechanistic_gate_I,residual_scale_C,0.29263827927959657
mechanistic_gate_M,residual_scale_C,-0.2182715679730935
mechanistic_gate_V,residual_scale_C,-0.42041345902822946
residual_scale_A,residual_scale_C,0.27472337035199923
residual_scale_C,residual_scale_C,1.0
residual_scale_F,residual_scale_C,0.2209547941445631
residual_scale_I,residual_scale_C,0.2423366963171707
residual_scale_M,residual_scale_C,0.06684586909096725
residual_scale_V,residual_scale_C,0.39492541149009486
alpha_A,residual_scale_F,0.6473276722662024
alpha_C,residual_scale_F,-0.48780196779290086
alpha_F,residual_scale_F,0.5220350573902496
alpha_I,residual_scale_F,-0.4200898199558564
alpha_M,residual_scale_F,-0.7685361395811736
alpha_V,residual_scale_F,-0.13191023258801932
beta_A,residual_scale_F,-0.22341089449653057
beta_C,residual_scale_F,0.6353328678436512
beta_F,residual_scale_F,0.308790441842712
beta_I,residual_scale_F,0.2763196834756375
beta_M,residual_scale_F,-0.4195133339092197
beta_V,residual_scale_F,-0.37786848782501337
gamma_C,residual_scale_F,-0.05921292844193654
gamma_M,residual_scale_F,-0.7399386149506016
gamma_V,residual_scale_F,0.6412432721511481
mechanistic_gate_A,residual_scale_F,0.5054738842851028
mechanistic_gate_C,residual_scale_F,-0.3661411033345901
mechanistic_gate_F,residual_scale_F,0.46826529119138016
mechanistic_gate_I,residual_scale_F,0.01842653343361568
mechanistic_gate_M,residual_scale_F,-0.7661399015801235
mechanistic_gate_V,residual_scale_F,-0.005078838028708705
residual_scale_A,residual_scale_F,-0.3013835061580871
residual_scale_C,residual_scale_F,0.2209547941445631
residual_scale_F,residual_scale_F,1.0
residual_scale_I,residual_scale_F,-0.10415135366638943
residual_scale_M,residual_scale_F,-0.09324584629272635
residual_scale_V,residual_scale_F,-0.35069829743234393
alpha_A,residual_scale_I,-0.005469148091902877
alpha_C,residual_scale_I,-0.4706076227110303
alpha_F,residual_scale_I,-0.3389805468619936
alpha_I,residual_scale_I,-0.19636059980668172
alpha_M,residual_scale_I,-0.1662341073596557
alpha_V,residual_scale_I,-0.2959876535698697
beta_A,residual_scale_I,0.10058469634400549
beta_C,residual_scale_I,0.3043051287988785
beta_F,residual_scale_I,-0.4062236859522246
beta_I,residual_scale_I,0.1951590112992337
beta_M,residual_scale_I,-0.35581998642977486
beta_V,residual_scale_I,0.12989787320412058
gamma_C,residual_scale_I,-0.23030094372917778
gamma_M,residual_scale_I,-0.17465911394125055
gamma_V,residual_scale_I,-0.2968916575487092
mechanistic_gate_A,residual_scale_I,-0.16931878554074486
mechanistic_gate_C,residual_scale_I,-0.5121326172872711
mechanistic_gate_F,residual_scale_I,-0.32622112490119115
mechanistic_gate_I,residual_scale_I,0.21873311697179484
mechanistic_gate_M,residual_scale_I,-0.1858690796201829
mechanistic_gate_V,residual_scale_I,-0.34941895993831384
residual_scale_A,residual_scale_I,-0.09607083950756859
residual_scale_C,residual_scale_I,0.2423366963171707
residual_scale_F,residual_scale_I,-0.10415135366638943
residual_scale_I,residual_scale_I,1.0
residual_scale_M,residual_scale_I,0.4324200947355899
residual_scale_V,residual_scale_I,0.3312274077891601
alpha_A,residual_scale_M,0.1743906263054654
alpha_C,residual_scale_M,-0.623315418087054
alpha_F,residual_scale_M,-0.557970541249042
alpha_I,residual_scale_M,-0.1987147073719763
alpha_M,residual_scale_M,-0.3438952747631635
alpha_V,residual_scale_M,-0.5729297552109955
beta_A,residual_scale_M,-0.1932693929812847
beta_C,residual_scale_M,0.4101925549007123
beta_F,residual_scale_M,-0.4226681150918404
beta_I,residual_scale_M,0.4829643305470686
beta_M,residual_scale_M,-0.3788281738361623
beta_V,residual_scale_M,0.45595434609280344
gamma_C,residual_scale_M,-0.5754915917728533
gamma_M,residual_scale_M,-0.4283177420769918
gamma_V,residual_scale_M,-0.3881012112689893
mechanistic_gate_A,residual_scale_M,-0.2865458728879932
mechanistic_gate_C,residual_scale_M,-0.6209219492037968
mechanistic_gate_F,residual_scale_M,-0.5418514048059663
mechanistic_gate_I,residual_scale_M,0.6013768133199212
mechanistic_gate_M,residual_scale_M,-0.3843325657721745
mechanistic_gate_V,residual_scale_M,-0.5307612565124817
residual_scale_A,residual_scale_M,0.35494958159829304
residual_scale_C,residual_scale_M,0.06684586909096725
residual_scale_F,residual_scale_M,-0.09324584629272635
residual_scale_I,residual_scale_M,0.4324200947355899
residual_scale_M,residual_scale_M,1.0
residual_scale_V,residual_scale_M,0.5087842056080033
alpha_A,residual_scale_V,0.08776647357809404
alpha_C,residual_scale_V,-0.09040912125139326
alpha_F,residual_scale_V,-0.47687075410633795
alpha_I,residual_scale_V,-0.3951474083613862
alpha_M,residual_scale_V,0.04963415768280466
alpha_V,residual_scale_V,-0.7800037157676453
beta_A,residual_scale_V,-0.187830306880911
beta_C,residual_scale_V,0.08587033906507206
beta_F,residual_scale_V,-0.4921040324031641
beta_I,residual_scale_V,0.4170827859144677
beta_M,residual_scale_V,0.17841919117382293
beta_V,residual_scale_V,0.8657546643582124
gamma_C,residual_scale_V,-0.16046236413105652
gamma_M,residual_scale_V,0.04109145053074535
gamma_V,residual_scale_V,-0.8137036276442059
mechanistic_gate_A,residual_scale_V,-0.2168867079902573
mechanistic_gate_C,residual_scale_V,-0.1235003243083464
mechanistic_gate_F,residual_scale_V,-0.4877809523858332
mechanistic_gate_I,residual_scale_V,0.29459401936007307
mechanistic_gate_M,residual_scale_V,0.11196229586466716
mechanistic_gate_V,residual_scale_V,-0.8300661301462751
residual_scale_A,residual_scale_V,0.3854848512913461
residual_scale_C,residual_scale_V,0.39492541149009486
residual_scale_F,residual_scale_V,-0.35069829743234393
residual_scale_I,residual_scale_V,0.3312274077891601
residual_scale_M,residual_scale_V,0.5087842056080033
residual_scale_V,residual_scale_V,1.0
